Unnamed: 0,Age,Employment Type,GraduateOrNot,AnnualIncome,FamilyMembers,ChronicDiseases,FrequentFlyer,EverTravelledAbroad,TravelInsurance
1027,25,Private Sector/Self Employed,No,1150000,5,0,Yes,No,0
990,29,Private Sector/Self Employed,Yes,600000,4,0,Yes,No,1
1550,28,Private Sector/Self Employed,Yes,1200000,7,0,No,No,0
18,29,Private Sector/Self Employed,Yes,1050000,5,1,No,No,1
1020,25,Private Sector/Self Employed,No,1150000,4,0,No,No,0
1955,33,Government Sector,Yes,1750000,4,0,No,No,0
1932,35,Private Sector/Self Employed,No,800000,4,1,No,No,0
1744,28,Private Sector/Self Employed,No,550000,6,1,No,No,0
483,28,Private Sector/Self Employed,Yes,1150000,4,0,No,No,0
161,34,Private Sector/Self Employed,No,1400000,3,1,No,Yes,1
1529,31,Private Sector/Self Employed,Yes,1250000,4,0,No,No,1
1361,26,Private Sector/Self Employed,Yes,1400000,4,0,No,Yes,1
1094,34,Private Sector/Self Employed,Yes,700000,5,1,No,No,0
1344,25,Private Sector/Self Employed,Yes,1700000,3,0,Yes,No,1
1618,28,Government Sector,Yes,300000,4,0,No,No,0
1265,34,Private Sector/Self Employed,Yes,1000000,5,0,No,No,0
1285,26,Government Sector,Yes,500000,4,0,No,No,0
1828,28,Government Sector,Yes,300000,3,0,No,No,0
1317,25,Private Sector/Self Employed,No,1700000,4,0,Yes,No,1
1363,28,Government Sector,Yes,600000,7,0,No,No,0
110,31,Government Sector,Yes,400000,5,0,No,No,0
1950,28,Private Sector/Self Employed,Yes,1250000,6,0,No,Yes,0
1518,31,Private Sector/Self Employed,Yes,1250000,6,0,No,No,1
914,32,Government Sector,Yes,800000,6,1,No,No,0
490,29,Private Sector/Self Employed,Yes,1200000,5,1,No,No,0
679,26,Government Sector,Yes,500000,5,0,No,No,0
1198,33,Government Sector,Yes,400000,4,0,No,No,0
1398,31,Private Sector/Self Employed,Yes,1400000,3,0,Yes,Yes,1
298,25,Private Sector/Self Employed,No,1700000,4,0,Yes,No,1
285,33,Private Sector/Self Employed,Yes,750000,4,0,No,No,0
938,28,Government Sector,Yes,1200000,8,0,Yes,No,1
279,32,Government Sector,Yes,350000,6,0,No,No,0
882,26,Private Sector/Self Employed,Yes,600000,4,1,No,No,0
602,34,Private Sector/Self Employed,Yes,1500000,4,0,Yes,Yes,1
1748,28,Private Sector/Self Employed,Yes,1100000,4,0,Yes,No,0
1627,29,Private Sector/Self Employed,Yes,1050000,3,0,No,No,1
1830,25,Private Sector/Self Employed,Yes,1700000,6,0,Yes,No,1
1602,28,Private Sector/Self Employed,Yes,700000,5,0,No,No,0
508,28,Private Sector/Self Employed,Yes,900000,6,0,No,No,1
1703,31,Private Sector/Self Employed,Yes,900000,5,1,No,No,0
380,28,Private Sector/Self Employed,Yes,1200000,5,1,No,No,0
1142,27,Government Sector,Yes,750000,6,0,No,No,0
871,25,Private Sector/Self Employed,No,1700000,5,1,Yes,Yes,0
740,34,Private Sector/Self Employed,Yes,1000000,6,1,No,No,1
1280,25,Private Sector/Self Employed,Yes,1400000,4,0,No,Yes,1
1812,28,Private Sector/Self Employed,Yes,800000,6,0,No,Yes,0
283,26,Private Sector/Self Employed,Yes,600000,4,0,Yes,No,0
1420,33,Government Sector,Yes,700000,3,0,No,No,0
73,28,Private Sector/Self Employed,Yes,750000,7,0,Yes,No,0
1468,31,Private Sector/Self Employed,Yes,1250000,6,1,No,No,0
142,32,Government Sector,Yes,350000,9,1,No,No,0
995,27,Government Sector,Yes,850000,5,0,No,No,0
1163,29,Private Sector/Self Employed,Yes,900000,3,0,No,No,0
211,27,Private Sector/Self Employed,No,450000,5,0,No,No,0
1067,34,Private Sector/Self Employed,Yes,700000,4,0,Yes,No,1
1270,31,Government Sector,No,350000,3,0,No,No,0
1434,34,Private Sector/Self Employed,Yes,1750000,3,0,Yes,No,0
1294,28,Private Sector/Self Employed,Yes,600000,4,0,No,No,0
1381,25,Private Sector/Self Employed,Yes,1400000,4,1,No,Yes,1
393,29,Private Sector/Self Employed,Yes,1050000,3,0,Yes,No,0
1110,29,Private Sector/Self Employed,Yes,1100000,4,0,No,Yes,0
851,28,Private Sector/Self Employed,Yes,500000,5,0,No,No,1
588,35,Private Sector/Self Employed,No,800000,6,0,No,No,1
1053,34,Private Sector/Self Employed,Yes,1050000,4,0,No,No,1
446,28,Private Sector/Self Employed,Yes,700000,2,0,No,No,0
854,32,Government Sector,Yes,850000,3,1,No,No,0
646,28,Private Sector/Self Employed,Yes,1100000,6,0,No,No,0
1919,28,Government Sector,Yes,300000,6,0,No,No,0
1532,28,Government Sector,Yes,1200000,5,0,No,No,0
1820,28,Private Sector/Self Employed,Yes,800000,5,0,No,No,0
1761,30,Private Sector/Self Employed,No,500000,7,1,No,No,0
1653,26,Private Sector/Self Employed,Yes,500000,5,1,No,No,1
96,28,Private Sector/Self Employed,Yes,700000,4,0,No,No,0
1965,30,Private Sector/Self Employed,No,550000,3,0,No,No,1
1874,29,Private Sector/Self Employed,Yes,500000,3,0,No,No,0
609,28,Private Sector/Self Employed,Yes,700000,7,1,Yes,Yes,1
671,29,Private Sector/Self Employed,Yes,1100000,3,1,No,No,0
1453,30,Private Sector/Self Employed,No,550000,3,1,No,No,0
1449,29,Private Sector/Self Employed,Yes,1100000,4,1,No,No,0
353,31,Government Sector,No,300000,3,0,No,No,0
1692,29,Private Sector/Self Employed,Yes,1100000,6,0,Yes,No,0
175,30,Private Sector/Self Employed,No,800000,3,0,No,No,0
1615,30,Private Sector/Self Employed,No,650000,5,0,No,No,0
702,28,Private Sector/Self Employed,Yes,500000,8,0,No,No,0
1772,28,Private Sector/Self Employed,Yes,1150000,8,0,Yes,No,0
1594,25,Private Sector/Self Employed,Yes,1400000,5,1,No,Yes,1
1254,34,Private Sector/Self Employed,Yes,700000,8,0,No,No,1
545,26,Private Sector/Self Employed,Yes,600000,6,1,No,No,0
1340,28,Private Sector/Self Employed,Yes,700000,4,1,No,No,1
1203,28,Private Sector/Self Employed,Yes,1150000,6,1,No,No,0
321,28,Private Sector/Self Employed,Yes,500000,3,0,No,No,0
686,33,Private Sector/Self Employed,Yes,1500000,3,0,Yes,Yes,1
195,25,Private Sector/Self Employed,Yes,1400000,5,0,Yes,Yes,1
891,29,Private Sector/Self Employed,Yes,1050000,5,1,No,No,0
1006,28,Private Sector/Self Employed,Yes,1100000,6,0,No,No,0
1175,33,Government Sector,Yes,400000,4,1,No,No,0
932,27,Government Sector,Yes,1050000,5,1,No,No,1
1565,28,Private Sector/Self Employed,Yes,800000,2,0,No,No,0
569,27,Government Sector,Yes,500000,4,1,No,No,0
687,28,Private Sector/Self Employed,Yes,1150000,3,0,No,No,0
1439,33,Government Sector,Yes,400000,7,1,No,No,1
1237,31,Private Sector/Self Employed,Yes,900000,7,0,No,Yes,0
1857,27,Government Sector,Yes,900000,4,0,No,No,0
136,29,Private Sector/Self Employed,Yes,500000,6,0,No,No,1
303,31,Government Sector,No,300000,3,0,No,No,0
1802,31,Government Sector,Yes,400000,6,0,No,No,0
1308,31,Private Sector/Self Employed,Yes,1250000,7,1,No,No,0
245,28,Private Sector/Self Employed,Yes,1150000,3,0,No,No,0
1546,30,Private Sector/Self Employed,No,550000,2,1,No,No,0
1393,33,Government Sector,Yes,1000000,4,0,Yes,Yes,0
1577,28,Government Sector,No,300000,4,0,No,No,0
1891,28,Private Sector/Self Employed,Yes,800000,7,1,No,No,1
337,30,Private Sector/Self Employed,No,550000,7,0,Yes,No,0
549,28,Government Sector,No,300000,5,1,No,No,0
1510,26,Private Sector/Self Employed,Yes,500000,3,0,No,No,0
1134,31,Private Sector/Self Employed,Yes,1250000,7,0,No,No,1
1545,34,Private Sector/Self Employed,No,1400000,3,0,Yes,Yes,1
1178,28,Private Sector/Self Employed,Yes,800000,4,0,No,No,1
949,29,Private Sector/Self Employed,Yes,1200000,3,1,No,Yes,1
1300,31,Government Sector,Yes,1200000,6,0,No,No,0
519,25,Private Sector/Self Employed,No,1700000,3,0,Yes,No,1
570,25,Private Sector/Self Employed,No,1150000,5,1,No,No,0
167,31,Government Sector,Yes,400000,3,0,No,No,0
767,28,Government Sector,No,300000,6,0,No,No,0
1162,34,Private Sector/Self Employed,No,1400000,4,0,No,Yes,1
341,28,Private Sector/Self Employed,Yes,550000,7,0,No,No,0
1720,29,Private Sector/Self Employed,Yes,1100000,2,0,No,No,0
1445,28,Private Sector/Self Employed,Yes,1100000,4,1,No,No,0
1424,31,Government Sector,Yes,400000,9,0,No,No,0
465,26,Private Sector/Self Employed,Yes,1500000,5,0,Yes,Yes,1
904,28,Government Sector,Yes,300000,6,0,No,No,0
451,28,Private Sector/Self Employed,Yes,800000,4,0,No,No,0
444,28,Private Sector/Self Employed,Yes,700000,4,1,No,No,1
1808,28,Private Sector/Self Employed,Yes,500000,4,1,No,No,0
1759,25,Government Sector,Yes,750000,2,0,Yes,No,0
1033,31,Private Sector/Self Employed,Yes,1250000,4,0,No,No,0
700,28,Private Sector/Self Employed,Yes,1450000,4,0,Yes,Yes,1
643,28,Private Sector/Self Employed,Yes,1100000,5,1,No,No,0
1161,28,Private Sector/Self Employed,Yes,600000,3,0,No,No,1
1364,29,Private Sector/Self Employed,Yes,350000,6,1,No,No,0
292,27,Government Sector,Yes,850000,4,0,No,No,0
998,26,Private Sector/Self Employed,Yes,1400000,4,0,No,Yes,1
1915,28,Private Sector/Self Employed,Yes,800000,5,0,No,No,0
6,31,Government Sector,Yes,1300000,4,0,No,No,0
1331,31,Private Sector/Self Employed,Yes,1250000,5,0,No,No,1
97,29,Private Sector/Self Employed,Yes,350000,7,0,No,No,0
648,28,Private Sector/Self Employed,Yes,800000,4,0,No,No,0
470,28,Private Sector/Self Employed,Yes,1300000,2,1,No,No,0
546,28,Private Sector/Self Employed,Yes,550000,3,0,No,No,0
645,28,Private Sector/Self Employed,Yes,1100000,4,0,No,No,0
76,29,Private Sector/Self Employed,Yes,1200000,3,0,No,No,1
637,34,Private Sector/Self Employed,Yes,1300000,5,1,No,No,0
672,27,Government Sector,Yes,1050000,2,1,No,No,0
1753,33,Government Sector,Yes,600000,7,0,No,No,1
1286,28,Private Sector/Self Employed,Yes,550000,3,0,No,No,0
1456,25,Private Sector/Self Employed,No,1700000,3,0,Yes,No,1
105,28,Private Sector/Self Employed,Yes,750000,3,0,No,No,0
1220,28,Private Sector/Self Employed,Yes,1100000,5,0,No,No,0
749,34,Government Sector,Yes,1300000,8,0,No,No,1
269,27,Private Sector/Self Employed,No,800000,5,0,No,No,0
80,26,Private Sector/Self Employed,Yes,1300000,4,1,No,No,0
1572,25,Private Sector/Self Employed,No,1150000,5,0,Yes,No,0
1893,32,Government Sector,Yes,850000,4,1,No,No,0
170,31,Private Sector/Self Employed,Yes,1350000,6,1,No,Yes,1
1679,28,Private Sector/Self Employed,Yes,550000,4,0,No,No,0
1297,28,Government Sector,Yes,300000,4,0,No,No,0
603,33,Private Sector/Self Employed,Yes,1400000,6,1,No,Yes,1
238,29,Private Sector/Self Employed,Yes,600000,3,1,No,No,0
978,32,Government Sector,Yes,900000,4,0,Yes,No,0
868,28,Government Sector,Yes,1200000,5,1,No,No,0
814,29,Private Sector/Self Employed,Yes,1050000,6,1,No,Yes,0
1085,28,Private Sector/Self Employed,Yes,1250000,7,0,No,No,0
1436,31,Private Sector/Self Employed,Yes,900000,5,0,No,No,0
1903,33,Government Sector,Yes,650000,4,0,No,Yes,1
1558,32,Government Sector,Yes,800000,5,0,No,No,0
197,29,Private Sector/Self Employed,Yes,1150000,5,1,Yes,No,0
164,28,Government Sector,Yes,300000,6,0,No,No,0
1334,25,Government Sector,Yes,750000,3,0,No,Yes,1
83,34,Private Sector/Self Employed,No,950000,4,0,Yes,No,1
1673,28,Private Sector/Self Employed,Yes,700000,3,0,No,No,0
1459,34,Private Sector/Self Employed,Yes,1500000,5,1,Yes,Yes,1
126,32,Government Sector,Yes,800000,5,0,Yes,No,0
1838,28,Private Sector/Self Employed,Yes,700000,4,1,No,Yes,0
109,25,Private Sector/Self Employed,Yes,1700000,3,0,Yes,No,1
941,34,Private Sector/Self Employed,Yes,1000000,5,0,No,No,0
632,34,Private Sector/Self Employed,Yes,700000,3,0,No,No,0
1961,26,Government Sector,Yes,500000,3,0,No,No,0
1873,34,Private Sector/Self Employed,Yes,1000000,3,0,No,No,0
1211,25,Private Sector/Self Employed,Yes,1700000,4,0,Yes,No,1
883,28,Private Sector/Self Employed,Yes,1350000,3,0,No,Yes,1
1726,34,Private Sector/Self Employed,Yes,1500000,6,0,Yes,Yes,1
1444,31,Private Sector/Self Employed,Yes,900000,6,0,No,No,0
943,29,Private Sector/Self Employed,Yes,1200000,5,1,No,No,0
1430,25,Private Sector/Self Employed,Yes,1400000,6,0,No,Yes,1
1259,33,Government Sector,Yes,400000,6,0,No,No,1
748,28,Private Sector/Self Employed,Yes,650000,5,0,No,Yes,0
1221,28,Government Sector,Yes,300000,2,0,No,No,0
1826,29,Private Sector/Self Employed,Yes,1200000,6,0,No,No,0
1421,31,Private Sector/Self Employed,Yes,1350000,3,1,Yes,Yes,1
276,29,Private Sector/Self Employed,Yes,1050000,6,0,No,No,0
56,28,Private Sector/Self Employed,Yes,550000,3,0,No,No,1
17,28,Private Sector/Self Employed,Yes,800000,7,0,No,No,1
910,34,Government Sector,Yes,1300000,4,0,No,No,0
1219,34,Private Sector/Self Employed,Yes,700000,6,0,Yes,No,1
100,28,Private Sector/Self Employed,Yes,1300000,6,1,No,No,1
565,28,Private Sector/Self Employed,Yes,800000,5,0,No,No,0
1607,29,Private Sector/Self Employed,Yes,350000,8,1,No,No,1
1050,33,Government Sector,Yes,1100000,2,1,No,Yes,0
20,28,Private Sector/Self Employed,Yes,1150000,6,0,Yes,No,0
982,27,Government Sector,Yes,850000,5,0,No,No,0
415,28,Government Sector,Yes,600000,5,0,No,No,0
1191,25,Private Sector/Self Employed,No,1150000,5,1,No,No,0
268,34,Private Sector/Self Employed,Yes,500000,6,0,No,No,1
288,29,Private Sector/Self Employed,Yes,1100000,4,0,No,No,0
1760,34,Private Sector/Self Employed,Yes,1500000,3,0,Yes,Yes,1
1746,31,Government Sector,Yes,400000,2,0,No,No,0
1844,27,Private Sector/Self Employed,No,350000,5,1,No,No,0
1412,26,Private Sector/Self Employed,Yes,500000,4,1,No,No,1
1140,28,Private Sector/Self Employed,Yes,750000,4,0,Yes,Yes,0
1584,28,Government Sector,Yes,300000,3,0,No,No,0
1622,34,Private Sector/Self Employed,Yes,1000000,9,0,No,No,1
605,28,Private Sector/Self Employed,Yes,1250000,5,0,No,Yes,1
447,29,Private Sector/Self Employed,Yes,500000,3,0,No,No,0
358,34,Private Sector/Self Employed,Yes,1000000,5,0,Yes,No,0
1664,25,Private Sector/Self Employed,No,1150000,4,0,Yes,No,0
1117,28,Private Sector/Self Employed,Yes,800000,5,1,No,No,0
16,28,Private Sector/Self Employed,Yes,1150000,4,1,No,No,0
529,28,Private Sector/Self Employed,Yes,1250000,4,0,Yes,No,0
1261,33,Government Sector,Yes,800000,6,1,No,No,1
1257,28,Private Sector/Self Employed,No,550000,5,0,No,No,0
945,28,Private Sector/Self Employed,Yes,1200000,9,0,No,No,0
1036,28,Private Sector/Self Employed,Yes,750000,5,0,No,No,0
403,28,Private Sector/Self Employed,Yes,800000,8,1,No,No,0
541,29,Private Sector/Self Employed,Yes,1200000,5,0,No,No,0
134,28,Private Sector/Self Employed,Yes,600000,5,0,Yes,No,0
127,27,Government Sector,Yes,750000,5,0,No,No,0
481,29,Private Sector/Self Employed,Yes,1100000,4,0,No,No,0
115,29,Private Sector/Self Employed,Yes,900000,4,0,No,No,0
131,28,Private Sector/Self Employed,Yes,750000,4,0,No,No,0
1970,29,Private Sector/Self Employed,Yes,500000,4,0,No,No,1
310,30,Private Sector/Self Employed,No,550000,8,0,No,No,0
880,28,Private Sector/Self Employed,Yes,750000,6,0,Yes,No,0
1904,28,Private Sector/Self Employed,Yes,700000,7,0,Yes,No,0
1318,31,Private Sector/Self Employed,Yes,1350000,3,1,No,Yes,1
1309,33,Private Sector/Self Employed,Yes,1400000,4,0,No,Yes,1
983,35,Private Sector/Self Employed,No,950000,6,0,Yes,No,1
807,27,Government Sector,Yes,1050000,3,0,Yes,No,1
1591,28,Government Sector,Yes,300000,3,0,No,No,0
430,26,Private Sector/Self Employed,Yes,1300000,7,0,No,No,1
1576,28,Private Sector/Self Employed,Yes,1100000,4,0,No,No,1
1159,31,Private Sector/Self Employed,Yes,1250000,3,0,No,No,0
70,34,Government Sector,Yes,1300000,4,0,No,No,0
365,25,Private Sector/Self Employed,No,1700000,3,0,Yes,No,1
815,25,Private Sector/Self Employed,No,1700000,5,1,Yes,No,0
71,28,Private Sector/Self Employed,Yes,750000,6,0,Yes,No,0
1705,28,Government Sector,Yes,300000,8,0,No,No,0
1166,34,Private Sector/Self Employed,Yes,1300000,3,0,No,No,0
1466,29,Private Sector/Self Employed,Yes,1200000,7,0,No,No,0
1274,34,Private Sector/Self Employed,Yes,1000000,3,0,No,No,0
48,28,Private Sector/Self Employed,Yes,600000,3,0,No,No,0
809,30,Private Sector/Self Employed,No,1450000,5,1,Yes,Yes,1
1897,35,Government Sector,Yes,1100000,4,0,Yes,No,1
1573,33,Government Sector,Yes,650000,4,1,No,No,0
782,28,Private Sector/Self Employed,Yes,1200000,4,0,No,No,0
946,25,Private Sector/Self Employed,Yes,1400000,5,0,Yes,Yes,1
363,34,Government Sector,Yes,1300000,4,0,No,No,0
1080,28,Private Sector/Self Employed,Yes,700000,7,0,No,No,0
1122,34,Private Sector/Self Employed,Yes,700000,5,0,Yes,No,1
1737,27,Government Sector,Yes,1050000,7,0,No,No,0
32,25,Government Sector,Yes,750000,4,0,No,No,1
64,30,Private Sector/Self Employed,No,1450000,9,0,Yes,Yes,1
1217,31,Government Sector,Yes,400000,7,0,No,No,0
1783,29,Private Sector/Self Employed,Yes,1200000,9,0,No,No,1
15,34,Private Sector/Self Employed,Yes,700000,7,0,No,No,0
1472,28,Private Sector/Self Employed,Yes,1200000,5,0,No,No,0
724,25,Government Sector,Yes,750000,3,0,No,No,0
1790,28,Private Sector/Self Employed,Yes,1150000,4,0,No,No,0
1784,34,Private Sector/Self Employed,Yes,700000,4,0,No,No,1
567,35,Private Sector/Self Employed,No,800000,7,1,No,Yes,1
1442,26,Private Sector/Self Employed,Yes,500000,2,0,No,No,0
1519,28,Government Sector,Yes,300000,6,0,No,No,1
1330,33,Government Sector,Yes,1100000,4,0,No,No,0
1551,28,Private Sector/Self Employed,Yes,1300000,6,0,No,No,0
718,27,Government Sector,Yes,900000,4,0,No,No,0
501,31,Private Sector/Self Employed,Yes,1250000,3,0,No,No,0
1065,28,Government Sector,No,300000,7,1,No,No,0
1890,28,Government Sector,Yes,1200000,5,0,No,No,0
327,34,Government Sector,Yes,1300000,3,0,No,No,0
263,35,Private Sector/Self Employed,No,800000,4,0,No,No,0
989,33,Government Sector,Yes,400000,7,1,No,No,1
1895,26,Government Sector,Yes,500000,3,0,No,No,0
1842,34,Private Sector/Self Employed,Yes,700000,4,1,Yes,No,0
1659,29,Private Sector/Self Employed,Yes,500000,3,0,No,No,0
1187,29,Private Sector/Self Employed,Yes,1200000,6,1,No,No,0
306,33,Government Sector,Yes,650000,5,1,No,No,1
1372,33,Private Sector/Self Employed,Yes,550000,5,1,No,No,1
552,27,Government Sector,Yes,1050000,4,0,No,No,0
237,30,Private Sector/Self Employed,No,500000,8,0,No,No,0
281,26,Private Sector/Self Employed,Yes,750000,6,0,No,No,0
1319,26,Private Sector/Self Employed,Yes,600000,6,0,Yes,No,0
1964,28,Government Sector,Yes,1100000,4,0,No,No,0
581,28,Private Sector/Self Employed,Yes,700000,4,1,No,No,0
1143,27,Government Sector,Yes,500000,4,0,No,No,0
677,27,Private Sector/Self Employed,No,450000,7,0,No,No,0
1588,31,Private Sector/Self Employed,Yes,900000,5,1,Yes,No,0
87,28,Government Sector,Yes,300000,6,0,No,No,0
165,33,Government Sector,Yes,1000000,4,0,No,No,0
1552,28,Private Sector/Self Employed,Yes,750000,2,0,No,No,1
106,34,Private Sector/Self Employed,Yes,1300000,3,0,No,No,0
1245,26,Private Sector/Self Employed,Yes,1400000,3,0,No,Yes,1
1822,35,Private Sector/Self Employed,No,800000,5,0,No,No,0
1494,25,Government Sector,Yes,750000,6,0,No,No,1
819,28,Private Sector/Self Employed,Yes,1150000,4,1,No,No,0
1978,34,Private Sector/Self Employed,Yes,700000,5,0,No,No,1
1926,25,Private Sector/Self Employed,Yes,1400000,5,0,No,Yes,1
1619,25,Government Sector,Yes,750000,6,0,No,No,0
770,28,Government Sector,Yes,600000,5,0,No,No,0
885,32,Government Sector,Yes,350000,5,0,No,No,0
795,32,Government Sector,Yes,350000,3,0,No,No,0
647,34,Private Sector/Self Employed,No,1300000,5,0,Yes,No,1
438,33,Government Sector,Yes,400000,5,1,No,No,0
468,28,Private Sector/Self Employed,Yes,1200000,5,0,No,No,0
857,28,Government Sector,Yes,600000,3,0,No,No,1
1845,28,Government Sector,Yes,300000,5,0,No,No,0
1457,25,Private Sector/Self Employed,No,600000,3,0,No,No,1
1121,34,Private Sector/Self Employed,Yes,1000000,6,1,No,No,1
472,28,Government Sector,Yes,300000,5,0,No,No,0
179,26,Private Sector/Self Employed,Yes,1250000,4,0,No,No,0
965,25,Private Sector/Self Employed,No,1150000,8,0,Yes,No,0
996,31,Private Sector/Self Employed,Yes,1400000,4,0,Yes,Yes,1
587,29,Private Sector/Self Employed,Yes,900000,9,1,No,No,1
231,31,Government Sector,Yes,1200000,5,1,No,No,0
1538,31,Government Sector,Yes,400000,5,0,No,No,0
743,29,Private Sector/Self Employed,Yes,500000,6,0,No,No,0
324,28,Government Sector,Yes,300000,5,0,No,No,0
1905,25,Private Sector/Self Employed,No,600000,4,1,Yes,No,0
1736,33,Private Sector/Self Employed,Yes,750000,8,1,No,No,1
1123,25,Private Sector/Self Employed,Yes,1800000,6,1,Yes,No,1
1561,28,Private Sector/Self Employed,Yes,700000,7,0,No,No,0
1685,28,Private Sector/Self Employed,Yes,750000,5,1,Yes,No,0
1010,27,Government Sector,Yes,500000,8,0,No,No,0
242,33,Government Sector,Yes,400000,4,0,No,No,0
954,34,Private Sector/Self Employed,Yes,1000000,5,1,Yes,No,0
561,29,Private Sector/Self Employed,Yes,1050000,9,0,No,No,0
313,25,Private Sector/Self Employed,No,1150000,4,0,No,No,1
650,26,Private Sector/Self Employed,Yes,1400000,4,0,Yes,Yes,1
1167,34,Private Sector/Self Employed,Yes,1050000,4,0,No,No,0
102,29,Private Sector/Self Employed,Yes,500000,3,1,No,No,0
1533,33,Government Sector,Yes,600000,8,0,No,No,1
1921,31,Government Sector,No,300000,5,0,No,No,0
1836,33,Government Sector,Yes,800000,4,0,No,No,0
431,28,Private Sector/Self Employed,Yes,500000,6,0,No,No,0
1523,27,Government Sector,Yes,750000,5,0,No,No,0
1084,29,Private Sector/Self Employed,Yes,1050000,4,0,No,No,0
675,27,Private Sector/Self Employed,No,350000,3,0,No,No,0
651,33,Private Sector/Self Employed,Yes,1400000,8,1,No,Yes,1
1397,28,Private Sector/Self Employed,Yes,900000,9,1,No,Yes,0
1623,33,Private Sector/Self Employed,Yes,1400000,3,0,No,Yes,1
377,27,Private Sector/Self Employed,No,1550000,4,0,Yes,No,1
893,31,Government Sector,Yes,400000,2,0,No,No,0
1814,28,Private Sector/Self Employed,No,550000,5,0,Yes,No,1
764,27,Government Sector,Yes,500000,5,0,No,No,0
150,28,Private Sector/Self Employed,Yes,650000,2,1,No,No,1
1706,33,Government Sector,Yes,400000,6,0,No,No,0
112,30,Private Sector/Self Employed,No,800000,4,0,No,No,0
1345,28,Private Sector/Self Employed,Yes,700000,2,1,No,No,0
1141,33,Private Sector/Self Employed,Yes,750000,4,1,No,No,0
547,26,Private Sector/Self Employed,Yes,1400000,4,1,No,Yes,1
1986,34,Private Sector/Self Employed,Yes,500000,4,0,No,No,0
824,32,Government Sector,Yes,850000,4,0,No,No,0
821,34,Private Sector/Self Employed,Yes,1000000,4,1,No,No,1
1743,35,Private Sector/Self Employed,No,950000,4,0,No,No,1
1267,31,Private Sector/Self Employed,Yes,1350000,3,0,Yes,Yes,1
1966,34,Private Sector/Self Employed,Yes,700000,3,0,Yes,No,0
539,33,Government Sector,No,400000,4,0,No,No,0
693,27,Private Sector/Self Employed,No,800000,5,1,No,No,0
836,28,Private Sector/Self Employed,Yes,1450000,4,0,Yes,Yes,1
1868,25,Private Sector/Self Employed,Yes,1400000,5,0,No,Yes,1
362,28,Private Sector/Self Employed,Yes,700000,2,1,No,No,0
1288,28,Private Sector/Self Employed,Yes,750000,3,0,No,No,0
981,27,Government Sector,Yes,750000,3,0,No,No,0
427,25,Private Sector/Self Employed,Yes,1400000,7,0,Yes,Yes,1
1182,28,Government Sector,Yes,300000,5,0,No,No,0
1016,29,Private Sector/Self Employed,Yes,350000,9,1,No,No,0
168,27,Government Sector,Yes,850000,7,1,No,No,0
331,33,Private Sector/Self Employed,Yes,550000,4,0,No,No,1
1395,35,Government Sector,Yes,1100000,2,1,No,No,0
122,32,Government Sector,Yes,800000,6,1,No,No,0
295,28,Private Sector/Self Employed,Yes,550000,5,0,No,No,0
1498,33,Government Sector,Yes,600000,4,0,No,No,0
625,31,Private Sector/Self Employed,Yes,1750000,4,0,No,No,0
214,27,Government Sector,Yes,850000,5,1,No,Yes,0
1755,34,Private Sector/Self Employed,Yes,850000,5,1,No,No,0
557,27,Government Sector,Yes,1050000,3,0,No,No,0
1303,28,Private Sector/Self Employed,Yes,1200000,5,0,No,No,0
898,31,Government Sector,Yes,1300000,5,0,No,No,0
985,25,Private Sector/Self Employed,Yes,1400000,3,1,Yes,Yes,1
1668,29,Private Sector/Self Employed,Yes,350000,9,0,No,No,0
820,25,Private Sector/Self Employed,No,1150000,4,0,No,No,0
216,34,Private Sector/Self Employed,Yes,1050000,8,0,No,No,1
1087,31,Government Sector,Yes,1200000,7,1,No,No,0
1044,25,Private Sector/Self Employed,No,1350000,6,0,No,Yes,1
758,33,Private Sector/Self Employed,Yes,1400000,6,1,No,Yes,1
462,26,Private Sector/Self Employed,Yes,1250000,6,1,No,No,0
1549,28,Private Sector/Self Employed,Yes,700000,4,1,No,No,0
803,29,Private Sector/Self Employed,Yes,1050000,7,1,No,No,0
977,34,Private Sector/Self Employed,Yes,1500000,2,0,Yes,Yes,1
304,34,Private Sector/Self Employed,Yes,1050000,3,0,No,No,0
1888,26,Private Sector/Self Employed,Yes,750000,5,1,No,No,0
394,28,Private Sector/Self Employed,Yes,1200000,4,0,No,No,1
371,27,Government Sector,Yes,900000,5,1,No,Yes,0
512,29,Private Sector/Self Employed,Yes,1100000,5,0,Yes,No,0
1782,34,Private Sector/Self Employed,Yes,850000,4,0,No,No,0
1485,34,Private Sector/Self Employed,Yes,500000,4,0,No,No,0
95,26,Private Sector/Self Employed,Yes,1400000,5,0,No,Yes,1
887,28,Government Sector,Yes,600000,4,0,No,No,0
390,33,Private Sector/Self Employed,Yes,550000,5,0,No,No,1
1683,28,Private Sector/Self Employed,Yes,800000,4,0,Yes,No,0
1155,28,Government Sector,Yes,600000,4,0,Yes,No,1
884,35,Government Sector,Yes,1100000,8,0,Yes,No,1
598,35,Private Sector/Self Employed,No,800000,6,0,Yes,No,1
343,28,Private Sector/Self Employed,Yes,1250000,7,0,No,No,0
200,27,Government Sector,Yes,1050000,4,0,No,No,1
1780,31,Private Sector/Self Employed,Yes,950000,3,0,Yes,No,0
1806,26,Government Sector,Yes,550000,4,0,No,No,1
349,28,Private Sector/Self Employed,Yes,500000,3,0,No,No,0
113,29,Private Sector/Self Employed,Yes,900000,4,0,Yes,No,0
666,28,Private Sector/Self Employed,Yes,800000,5,0,No,No,0
82,28,Private Sector/Self Employed,Yes,1250000,4,1,No,No,0
57,34,Private Sector/Self Employed,Yes,1000000,6,0,No,No,1
1115,34,Private Sector/Self Employed,Yes,700000,2,0,No,No,0
1069,28,Private Sector/Self Employed,Yes,800000,4,1,No,No,0
128,31,Private Sector/Self Employed,Yes,1350000,8,0,No,Yes,1
909,26,Private Sector/Self Employed,Yes,1400000,4,1,No,Yes,1
627,27,Government Sector,Yes,500000,6,0,No,No,0
294,29,Private Sector/Self Employed,Yes,1200000,4,0,No,No,0
206,25,Private Sector/Self Employed,No,1150000,5,1,No,No,1
1709,28,Private Sector/Self Employed,Yes,1200000,6,1,No,No,0
1798,25,Private Sector/Self Employed,Yes,1700000,3,0,Yes,No,1
1242,28,Private Sector/Self Employed,Yes,700000,3,1,No,Yes,0
867,33,Private Sector/Self Employed,Yes,750000,5,0,No,No,0
1290,31,Private Sector/Self Employed,Yes,1400000,5,0,Yes,Yes,1
1785,25,Private Sector/Self Employed,No,1150000,2,0,No,Yes,0
152,28,Private Sector/Self Employed,Yes,1200000,5,0,Yes,No,0
540,26,Private Sector/Self Employed,Yes,1500000,3,0,Yes,Yes,1
889,35,Private Sector/Self Employed,No,800000,3,1,No,No,0
628,28,Private Sector/Self Employed,Yes,1150000,9,0,No,No,0
1634,34,Private Sector/Self Employed,Yes,1000000,5,0,No,No,0
1898,25,Private Sector/Self Employed,No,600000,4,1,Yes,No,0
208,29,Private Sector/Self Employed,Yes,1350000,4,0,No,Yes,1
420,34,Private Sector/Self Employed,Yes,1050000,5,0,No,No,0
653,27,Government Sector,Yes,500000,7,0,No,No,0
771,29,Private Sector/Self Employed,Yes,500000,7,0,No,No,1
1580,28,Private Sector/Self Employed,Yes,1200000,5,1,Yes,No,0
1048,25,Private Sector/Self Employed,Yes,500000,5,1,No,No,0
1402,26,Private Sector/Self Employed,Yes,600000,4,1,No,No,0
30,30,Private Sector/Self Employed,No,550000,6,0,Yes,Yes,0
172,27,Private Sector/Self Employed,No,600000,8,0,No,No,0
673,30,Private Sector/Self Employed,No,750000,3,1,No,No,1
433,28,Private Sector/Self Employed,Yes,1100000,4,0,No,No,0
1370,28,Private Sector/Self Employed,Yes,800000,6,0,No,No,0
1611,26,Private Sector/Self Employed,Yes,1400000,6,1,No,Yes,1
785,29,Private Sector/Self Employed,Yes,1200000,7,0,No,Yes,0
548,27,Government Sector,Yes,850000,5,0,No,No,0
1311,28,Private Sector/Self Employed,Yes,800000,3,0,No,No,1
760,27,Government Sector,Yes,500000,4,1,No,No,0
359,25,Private Sector/Self Employed,No,1150000,3,0,No,No,0
37,34,Private Sector/Self Employed,Yes,700000,4,0,No,No,0
357,34,Private Sector/Self Employed,Yes,500000,5,0,No,No,0
1617,28,Private Sector/Self Employed,Yes,1150000,7,1,No,No,0
1556,30,Private Sector/Self Employed,No,1450000,6,0,Yes,Yes,1
418,34,Private Sector/Self Employed,Yes,1000000,3,1,No,No,0
325,31,Private Sector/Self Employed,Yes,1250000,4,0,No,No,0
44,25,Private Sector/Self Employed,Yes,1400000,7,0,No,Yes,1
732,30,Private Sector/Self Employed,No,800000,4,0,No,No,0
210,28,Private Sector/Self Employed,Yes,1200000,5,1,Yes,No,0
1401,28,Government Sector,Yes,300000,3,0,No,No,0
1446,29,Private Sector/Self Employed,Yes,500000,5,0,No,No,1
903,28,Government Sector,Yes,600000,4,0,No,No,0
241,35,Private Sector/Self Employed,No,800000,6,0,No,No,1
593,28,Government Sector,Yes,600000,4,0,No,No,0
1127,30,Private Sector/Self Employed,No,650000,6,0,Yes,No,0
1348,33,Government Sector,Yes,800000,4,0,No,No,0
448,33,Private Sector/Self Employed,Yes,1500000,4,1,Yes,Yes,1
808,34,Private Sector/Self Employed,Yes,1500000,6,0,Yes,Yes,1
387,28,Government Sector,Yes,300000,5,0,No,No,0
1473,29,Private Sector/Self Employed,Yes,1050000,6,0,No,No,0
1165,28,Private Sector/Self Employed,Yes,1150000,2,0,No,No,1
443,25,Private Sector/Self Employed,No,1150000,6,0,No,No,1
1396,32,Government Sector,Yes,350000,5,1,No,No,0
1850,28,Government Sector,Yes,300000,5,0,No,No,0
330,35,Private Sector/Self Employed,No,800000,4,0,No,No,0
39,33,Private Sector/Self Employed,Yes,1500000,5,1,Yes,Yes,1
601,34,Private Sector/Self Employed,Yes,1300000,5,0,No,No,0
487,34,Private Sector/Self Employed,Yes,850000,4,0,No,No,1
1145,28,Private Sector/Self Employed,Yes,500000,5,0,No,No,0
919,26,Private Sector/Self Employed,Yes,1500000,6,0,Yes,Yes,1
116,28,Private Sector/Self Employed,Yes,1150000,5,0,No,No,1
1749,33,Government Sector,Yes,1100000,4,1,No,Yes,0
461,35,Government Sector,Yes,900000,4,1,No,No,1
52,31,Private Sector/Self Employed,Yes,1250000,4,0,No,Yes,0
145,28,Private Sector/Self Employed,Yes,1150000,6,0,No,No,0
979,30,Private Sector/Self Employed,No,650000,4,0,No,No,0
204,32,Government Sector,Yes,900000,4,0,Yes,No,0
339,29,Private Sector/Self Employed,Yes,1050000,5,0,No,No,0
1621,31,Private Sector/Self Employed,Yes,900000,4,1,No,No,0
51,29,Private Sector/Self Employed,Yes,1050000,3,0,No,No,0
1229,33,Government Sector,Yes,400000,9,0,No,No,1
906,34,Government Sector,Yes,1300000,5,1,No,No,0
1176,34,Private Sector/Self Employed,No,1300000,5,0,No,No,0
1448,32,Government Sector,Yes,800000,4,1,No,No,0
829,26,Private Sector/Self Employed,Yes,600000,5,0,No,No,0
1332,29,Private Sector/Self Employed,Yes,1200000,4,0,No,No,0
27,28,Private Sector/Self Employed,Yes,1250000,2,0,Yes,No,0
1450,34,Private Sector/Self Employed,Yes,1050000,7,0,No,No,1
398,28,Private Sector/Self Employed,Yes,1250000,5,0,Yes,No,0
656,31,Private Sector/Self Employed,Yes,500000,6,1,No,No,0
657,28,Private Sector/Self Employed,Yes,1200000,5,0,No,No,1
842,29,Private Sector/Self Employed,Yes,1100000,3,0,No,No,0
1768,28,Private Sector/Self Employed,Yes,650000,3,0,No,No,0
234,34,Private Sector/Self Employed,Yes,1300000,4,0,No,No,0
1695,35,Government Sector,Yes,1100000,5,0,No,No,0
347,34,Private Sector/Self Employed,Yes,1300000,6,0,Yes,No,0
1128,33,Government Sector,Yes,700000,4,0,No,No,0
1126,29,Private Sector/Self Employed,Yes,1200000,4,0,No,No,0
752,28,Private Sector/Self Employed,No,550000,6,0,No,No,1
191,30,Private Sector/Self Employed,No,650000,3,0,No,Yes,0
250,34,Private Sector/Self Employed,Yes,1000000,6,1,No,No,1
1025,31,Government Sector,Yes,1300000,4,1,No,No,1
189,26,Private Sector/Self Employed,Yes,1400000,7,1,No,Yes,1
1138,28,Private Sector/Self Employed,Yes,900000,6,1,Yes,No,0
1980,25,Private Sector/Self Employed,No,1150000,5,1,No,No,0
711,34,Private Sector/Self Employed,Yes,1000000,8,0,No,No,1
1733,31,Government Sector,No,300000,5,0,No,No,0
1454,27,Government Sector,Yes,1050000,7,1,No,No,0
886,31,Private Sector/Self Employed,Yes,1350000,3,0,No,Yes,1
1793,34,Private Sector/Self Employed,Yes,1500000,3,0,Yes,Yes,1
1881,34,Private Sector/Self Employed,Yes,1300000,4,0,No,No,1
1486,32,Government Sector,Yes,350000,5,0,No,No,0
258,29,Private Sector/Self Employed,Yes,900000,7,0,Yes,No,0
1579,28,Private Sector/Self Employed,Yes,1200000,3,1,Yes,No,0
1616,27,Government Sector,Yes,500000,2,0,No,No,1
1781,29,Private Sector/Self Employed,Yes,600000,5,1,No,No,0
655,28,Private Sector/Self Employed,Yes,700000,4,0,No,No,0
725,30,Private Sector/Self Employed,No,800000,4,0,No,No,1
1496,28,Private Sector/Self Employed,Yes,750000,4,0,No,No,0
1677,28,Government Sector,Yes,300000,3,1,No,No,0
141,25,Private Sector/Self Employed,Yes,1400000,3,0,No,Yes,0
328,34,Private Sector/Self Employed,Yes,700000,6,0,Yes,Yes,1
642,26,Government Sector,Yes,500000,6,1,No,No,0
948,29,Private Sector/Self Employed,Yes,500000,5,0,No,No,0
524,32,Government Sector,Yes,800000,4,0,No,No,0
879,29,Private Sector/Self Employed,Yes,1050000,4,0,No,No,1
221,28,Private Sector/Self Employed,Yes,1200000,6,1,No,No,0
580,31,Private Sector/Self Employed,Yes,1250000,4,0,No,No,0
389,31,Private Sector/Self Employed,Yes,1350000,5,0,No,Yes,1
1504,34,Private Sector/Self Employed,Yes,850000,2,0,No,No,0
722,33,Government Sector,Yes,400000,8,0,No,No,1
575,29,Private Sector/Self Employed,Yes,900000,6,0,Yes,No,1
1909,28,Government Sector,No,300000,4,1,No,No,0
739,33,Private Sector/Self Employed,Yes,550000,4,0,No,No,1
1130,28,Private Sector/Self Employed,Yes,550000,5,0,Yes,No,0
1585,25,Private Sector/Self Employed,Yes,1700000,2,1,Yes,No,1
731,28,Private Sector/Self Employed,Yes,800000,5,0,No,No,0
1729,35,Government Sector,Yes,900000,7,0,No,No,1
890,33,Private Sector/Self Employed,Yes,1400000,3,0,No,Yes,1
1880,27,Government Sector,Yes,1050000,4,1,No,No,1
36,31,Government Sector,No,300000,9,1,No,No,0
482,32,Government Sector,Yes,850000,9,0,No,No,0
322,28,Private Sector/Self Employed,Yes,750000,3,0,No,No,0
1306,28,Private Sector/Self Employed,Yes,700000,5,1,No,No,0
4,28,Private Sector/Self Employed,Yes,700000,8,1,Yes,No,0
428,28,Private Sector/Self Employed,Yes,700000,5,1,No,No,0
1414,34,Private Sector/Self Employed,Yes,700000,3,0,No,No,0
537,29,Private Sector/Self Employed,Yes,600000,8,1,No,No,1
1172,28,Private Sector/Self Employed,Yes,900000,4,1,No,No,1
1843,28,Private Sector/Self Employed,Yes,1200000,4,0,No,No,0
182,35,Private Sector/Self Employed,No,800000,3,0,Yes,No,1
479,34,Government Sector,Yes,1300000,4,1,No,No,0
119,31,Private Sector/Self Employed,Yes,500000,4,0,No,No,0
1052,29,Private Sector/Self Employed,Yes,1200000,7,1,No,No,0
1750,28,Private Sector/Self Employed,Yes,700000,5,0,No,No,0
188,26,Government Sector,Yes,500000,4,0,No,No,0
1916,28,Government Sector,Yes,1100000,6,1,No,No,0
400,29,Private Sector/Self Employed,Yes,1200000,4,0,Yes,No,0
1931,34,Private Sector/Self Employed,Yes,1300000,4,1,No,No,0
921,33,Government Sector,Yes,400000,4,0,No,No,0
560,26,Private Sector/Self Employed,Yes,1400000,7,0,No,Yes,1
1721,30,Private Sector/Self Employed,No,1450000,2,1,Yes,Yes,1
888,28,Private Sector/Self Employed,Yes,1250000,6,1,No,No,0
550,34,Private Sector/Self Employed,Yes,1050000,5,0,No,No,0
913,31,Private Sector/Self Employed,Yes,1400000,4,0,No,Yes,1
1458,28,Private Sector/Self Employed,Yes,800000,4,0,No,No,0
787,34,Private Sector/Self Employed,Yes,1000000,4,0,No,No,0
1586,28,Private Sector/Self Employed,Yes,1450000,4,0,Yes,Yes,1
212,28,Private Sector/Self Employed,Yes,750000,5,1,No,No,0
1626,26,Private Sector/Self Employed,Yes,600000,3,0,No,No,0
1517,26,Private Sector/Self Employed,Yes,1400000,4,1,No,Yes,1
1341,34,Private Sector/Self Employed,Yes,1000000,3,0,No,No,0
1209,34,Private Sector/Self Employed,Yes,1500000,5,1,Yes,Yes,1
364,31,Government Sector,Yes,1200000,6,0,No,No,0
1871,34,Private Sector/Self Employed,Yes,1500000,4,0,Yes,Yes,1
594,33,Private Sector/Self Employed,Yes,550000,5,0,Yes,No,0
19,34,Private Sector/Self Employed,Yes,1500000,2,0,Yes,Yes,1
222,28,Private Sector/Self Employed,Yes,1200000,3,0,No,No,0
1528,28,Private Sector/Self Employed,Yes,750000,2,0,No,No,0
178,32,Government Sector,Yes,350000,6,0,No,No,0
804,27,Private Sector/Self Employed,No,350000,4,1,No,No,0
1592,25,Private Sector/Self Employed,No,1700000,5,0,Yes,No,1
1773,28,Private Sector/Self Employed,Yes,500000,4,0,No,No,0
1071,27,Government Sector,Yes,750000,8,0,No,No,0
12,32,Government Sector,Yes,850000,6,0,No,No,1
1827,32,Government Sector,Yes,800000,5,1,Yes,No,1
169,25,Private Sector/Self Employed,No,600000,6,0,No,No,0
68,29,Private Sector/Self Employed,Yes,350000,4,0,No,No,0
323,33,Private Sector/Self Employed,Yes,1400000,5,0,No,Yes,1
1913,33,Government Sector,Yes,1100000,5,0,No,No,0
1560,28,Private Sector/Self Employed,Yes,1200000,4,0,No,No,0
383,29,Private Sector/Self Employed,Yes,1100000,4,0,No,No,0
194,33,Government Sector,Yes,1100000,5,0,No,No,0
830,34,Private Sector/Self Employed,Yes,1050000,6,0,No,No,1
1516,34,Government Sector,Yes,1300000,2,0,No,No,0
1104,34,Private Sector/Self Employed,Yes,1000000,5,0,No,No,0
1524,29,Private Sector/Self Employed,Yes,1200000,3,0,No,No,0
878,26,Private Sector/Self Employed,Yes,600000,4,0,No,No,0
1113,33,Government Sector,Yes,400000,5,0,No,No,0
466,28,Private Sector/Self Employed,Yes,550000,4,0,No,No,0
566,27,Government Sector,Yes,850000,3,0,No,Yes,0
1426,26,Government Sector,Yes,500000,6,1,No,No,0
865,31,Private Sector/Self Employed,Yes,1350000,5,0,No,Yes,1
1610,33,Private Sector/Self Employed,Yes,550000,5,0,Yes,No,0
1404,34,Private Sector/Self Employed,Yes,1000000,6,0,No,No,1
1555,26,Private Sector/Self Employed,Yes,1400000,9,1,No,Yes,1
1092,31,Government Sector,Yes,1500000,7,0,Yes,Yes,1
1807,26,Private Sector/Self Employed,Yes,600000,3,0,No,No,0
1248,28,Private Sector/Self Employed,Yes,1200000,5,0,No,No,0
960,28,Private Sector/Self Employed,Yes,1450000,4,0,Yes,Yes,1
412,28,Government Sector,Yes,300000,7,1,No,No,0
0,31,Government Sector,Yes,400000,6,1,No,No,0
1642,31,Private Sector/Self Employed,Yes,1250000,7,0,No,No,0
300,32,Government Sector,Yes,900000,5,1,No,No,1
1373,28,Private Sector/Self Employed,Yes,650000,4,0,Yes,No,0
806,30,Private Sector/Self Employed,No,550000,5,0,No,No,0
1406,33,Government Sector,Yes,1100000,4,0,No,No,0
1394,30,Private Sector/Self Employed,No,650000,3,1,No,No,0
1425,28,Government Sector,Yes,600000,4,0,No,No,0
640,27,Private Sector/Self Employed,No,800000,5,0,No,No,0
799,31,Government Sector,Yes,1200000,3,0,No,No,0
753,33,Government Sector,Yes,1100000,4,1,No,No,0
1537,29,Private Sector/Self Employed,Yes,500000,4,0,No,No,1
1786,31,Private Sector/Self Employed,Yes,950000,4,0,No,No,0
1008,26,Private Sector/Self Employed,Yes,1400000,5,0,No,Yes,1
139,35,Private Sector/Self Employed,No,800000,7,1,No,No,1
1787,34,Private Sector/Self Employed,Yes,500000,5,0,No,No,0
1767,35,Private Sector/Self Employed,No,800000,4,0,No,No,1
460,25,Private Sector/Self Employed,No,1350000,6,0,No,Yes,1
1924,33,Private Sector/Self Employed,Yes,750000,3,1,No,No,0
180,28,Private Sector/Self Employed,Yes,750000,6,0,Yes,No,0
926,34,Private Sector/Self Employed,Yes,700000,5,0,No,No,1
1089,26,Private Sector/Self Employed,Yes,500000,3,0,No,No,0
1731,31,Private Sector/Self Employed,Yes,500000,5,0,No,No,0
951,34,Private Sector/Self Employed,Yes,1500000,5,0,Yes,Yes,1
89,28,Government Sector,Yes,300000,8,0,No,No,0
1835,31,Government Sector,No,400000,5,0,No,No,0
1764,32,Government Sector,Yes,900000,5,0,Yes,No,0
1734,34,Private Sector/Self Employed,Yes,1050000,4,1,No,No,0
957,28,Private Sector/Self Employed,Yes,500000,5,1,No,No,0
130,28,Private Sector/Self Employed,Yes,800000,4,0,No,No,0
783,29,Private Sector/Self Employed,Yes,1100000,7,0,No,No,0
244,27,Government Sector,Yes,500000,4,0,No,No,0
1740,26,Private Sector/Self Employed,Yes,600000,7,0,No,No,0
553,33,Private Sector/Self Employed,Yes,1400000,5,0,Yes,Yes,0
1336,28,Private Sector/Self Employed,Yes,900000,3,0,No,No,0
154,28,Private Sector/Self Employed,Yes,700000,4,0,Yes,No,0
117,31,Government Sector,Yes,400000,5,0,No,No,0
780,31,Government Sector,Yes,400000,6,0,No,No,0
532,31,Government Sector,Yes,1300000,5,1,Yes,No,1
137,29,Private Sector/Self Employed,Yes,600000,4,1,Yes,No,0
1636,28,Private Sector/Self Employed,Yes,1400000,4,0,Yes,Yes,0
1413,28,Private Sector/Self Employed,Yes,1150000,6,0,No,No,0
1238,34,Private Sector/Self Employed,Yes,700000,6,0,No,No,1
395,32,Government Sector,Yes,800000,5,0,No,No,0
1452,31,Private Sector/Self Employed,Yes,1350000,3,0,No,Yes,1
1527,31,Private Sector/Self Employed,Yes,1250000,5,0,No,No,1
1650,25,Private Sector/Self Employed,Yes,1800000,4,1,Yes,No,1
828,34,Private Sector/Self Employed,Yes,1000000,6,1,No,No,1
502,28,Government Sector,Yes,300000,4,1,No,No,1
936,33,Government Sector,Yes,800000,3,0,No,No,0
1535,33,Government Sector,Yes,650000,5,0,Yes,No,1
710,26,Government Sector,Yes,1450000,3,1,Yes,Yes,1
1380,28,Private Sector/Self Employed,Yes,500000,5,1,No,No,1
1858,30,Private Sector/Self Employed,No,750000,3,1,No,No,1
454,28,Government Sector,Yes,300000,4,0,No,No,0
1544,29,Private Sector/Self Employed,Yes,1200000,8,0,No,No,0
778,27,Government Sector,Yes,850000,6,0,No,No,0
1469,28,Government Sector,Yes,300000,6,0,No,No,0
1339,34,Private Sector/Self Employed,Yes,1500000,5,0,Yes,Yes,1
1608,26,Private Sector/Self Employed,Yes,1500000,6,0,Yes,Yes,1
1900,27,Private Sector/Self Employed,No,1000000,3,1,No,No,0
1879,27,Private Sector/Self Employed,No,350000,2,0,No,No,0
457,25,Private Sector/Self Employed,No,1150000,4,0,No,No,0
766,34,Private Sector/Self Employed,Yes,700000,3,1,No,No,0
875,29,Private Sector/Self Employed,Yes,600000,3,1,No,No,0
1833,29,Private Sector/Self Employed,Yes,1200000,5,0,No,No,0
1694,31,Government Sector,Yes,400000,5,0,No,No,0
1417,35,Private Sector/Self Employed,No,800000,5,0,No,No,0
183,25,Private Sector/Self Employed,No,1700000,3,1,Yes,No,0
205,29,Private Sector/Self Employed,Yes,1150000,4,1,No,Yes,0
1596,31,Government Sector,No,400000,3,0,No,No,0
85,25,Private Sector/Self Employed,No,1700000,4,0,Yes,No,1
1896,31,Private Sector/Self Employed,Yes,1400000,3,0,No,Yes,1
1686,28,Private Sector/Self Employed,Yes,800000,6,0,No,Yes,0
360,28,Private Sector/Self Employed,No,550000,4,0,No,No,0
192,28,Private Sector/Self Employed,Yes,800000,4,1,No,Yes,0
370,31,Government Sector,Yes,1300000,6,0,No,No,1
762,28,Private Sector/Self Employed,Yes,800000,5,0,No,No,0
669,26,Private Sector/Self Employed,Yes,600000,3,0,Yes,No,0
1583,28,Government Sector,Yes,300000,6,0,No,No,0
1157,28,Private Sector/Self Employed,Yes,800000,5,1,No,No,1
1520,28,Government Sector,Yes,600000,4,1,No,No,0
1984,28,Private Sector/Self Employed,Yes,1150000,6,1,No,No,0
848,35,Government Sector,Yes,900000,6,1,No,No,0
1859,32,Government Sector,Yes,800000,3,1,No,No,0
375,28,Private Sector/Self Employed,Yes,1100000,6,1,No,No,0
742,34,Private Sector/Self Employed,Yes,1050000,7,1,No,No,1
335,28,Private Sector/Self Employed,Yes,800000,2,0,No,No,1
837,29,Private Sector/Self Employed,Yes,1100000,7,0,Yes,No,0
611,28,Private Sector/Self Employed,Yes,500000,6,1,No,No,0
1249,28,Government Sector,Yes,600000,4,0,No,No,0
1569,27,Government Sector,Yes,500000,5,0,No,No,0
1562,29,Private Sector/Self Employed,Yes,1100000,4,0,No,No,1
334,29,Private Sector/Self Employed,Yes,1050000,3,0,No,No,1
1547,34,Private Sector/Self Employed,Yes,1500000,4,1,Yes,Yes,1
366,28,Government Sector,Yes,300000,3,0,No,No,0
1073,28,Private Sector/Self Employed,Yes,500000,7,0,No,No,0
658,30,Private Sector/Self Employed,No,1450000,6,0,Yes,Yes,1
847,29,Private Sector/Self Employed,Yes,1050000,4,0,No,No,1
866,31,Private Sector/Self Employed,Yes,1400000,3,1,No,Yes,1
1693,31,Government Sector,Yes,1300000,2,0,Yes,No,1
38,34,Government Sector,Yes,1100000,2,0,No,No,0
267,33,Government Sector,Yes,1100000,4,0,No,No,1
958,27,Private Sector/Self Employed,No,350000,5,1,No,No,0
738,28,Private Sector/Self Employed,Yes,800000,7,0,Yes,No,0
858,27,Government Sector,Yes,1050000,5,0,Yes,No,0
1058,27,Government Sector,Yes,900000,6,0,Yes,Yes,0
1489,29,Private Sector/Self Employed,Yes,1350000,4,0,No,Yes,1
991,30,Private Sector/Self Employed,No,1450000,7,0,Yes,Yes,1
1712,28,Private Sector/Self Employed,Yes,1400000,4,0,No,Yes,1
649,28,Government Sector,Yes,300000,5,0,No,No,0
1974,28,Private Sector/Self Employed,Yes,1200000,6,0,Yes,No,0
98,29,Private Sector/Self Employed,Yes,1100000,6,0,No,No,0
1028,25,Private Sector/Self Employed,No,1150000,3,1,No,No,0
1475,28,Government Sector,Yes,300000,4,0,No,No,0
77,31,Government Sector,No,400000,4,0,No,No,0
1946,32,Government Sector,Yes,850000,7,0,Yes,Yes,1
1969,31,Private Sector/Self Employed,Yes,500000,4,1,No,No,0
464,34,Private Sector/Self Employed,Yes,1500000,5,0,Yes,Yes,1
376,31,Government Sector,Yes,1300000,4,0,No,No,0
689,27,Government Sector,Yes,500000,7,0,No,No,0
1570,28,Private Sector/Self Employed,Yes,700000,5,0,No,Yes,0
1096,30,Private Sector/Self Employed,No,1450000,7,1,Yes,Yes,1
1200,26,Private Sector/Self Employed,Yes,1400000,4,1,No,Yes,1
1152,28,Government Sector,Yes,300000,4,0,No,No,0
254,28,Government Sector,Yes,1200000,5,0,No,No,0
352,31,Private Sector/Self Employed,Yes,1350000,6,0,No,Yes,1
1948,35,Private Sector/Self Employed,No,800000,6,0,Yes,No,1
54,29,Private Sector/Self Employed,Yes,1200000,7,0,No,No,0
1751,28,Government Sector,Yes,300000,5,0,No,No,0
1861,34,Private Sector/Self Employed,Yes,1050000,5,0,Yes,No,0
1056,31,Government Sector,Yes,1300000,4,0,No,No,0
660,28,Government Sector,Yes,300000,4,0,No,No,0
1853,34,Private Sector/Self Employed,Yes,700000,5,0,No,No,0
554,32,Government Sector,Yes,800000,6,0,No,No,0
22,31,Private Sector/Self Employed,Yes,1100000,4,0,No,No,0
273,34,Private Sector/Self Employed,Yes,1000000,6,0,Yes,No,1
684,25,Private Sector/Self Employed,No,1150000,4,0,No,No,0
1326,34,Private Sector/Self Employed,Yes,700000,5,0,No,No,0
963,26,Private Sector/Self Employed,Yes,600000,6,1,No,No,1
676,29,Private Sector/Self Employed,Yes,1200000,7,1,No,No,0
573,27,Private Sector/Self Employed,No,350000,3,0,No,No,0
1564,30,Private Sector/Self Employed,No,550000,5,0,No,No,0
1082,29,Private Sector/Self Employed,Yes,1200000,8,1,No,No,0
336,32,Government Sector,Yes,350000,9,1,No,No,0
911,27,Government Sector,Yes,1050000,5,0,Yes,No,0
293,31,Private Sector/Self Employed,Yes,1250000,3,0,No,No,1
1757,25,Private Sector/Self Employed,No,1150000,7,0,No,No,0
1255,28,Government Sector,Yes,1200000,3,0,No,No,0
1196,28,Government Sector,Yes,300000,2,0,No,No,0
1474,28,Government Sector,Yes,300000,5,1,No,No,0
224,31,Private Sector/Self Employed,Yes,1100000,5,0,Yes,No,0
1676,27,Government Sector,Yes,1050000,7,0,No,No,1
551,25,Private Sector/Self Employed,Yes,1400000,9,1,No,Yes,1
1684,26,Private Sector/Self Employed,Yes,1400000,6,1,No,Yes,1
88,34,Private Sector/Self Employed,Yes,1050000,5,1,No,No,0
576,31,Private Sector/Self Employed,Yes,1400000,3,0,No,Yes,1
1643,28,Private Sector/Self Employed,Yes,1150000,9,0,No,No,0
253,28,Private Sector/Self Employed,Yes,1400000,2,0,No,Yes,1
1979,28,Private Sector/Self Employed,Yes,1100000,4,1,No,No,0
1666,34,Private Sector/Self Employed,No,1300000,6,0,No,No,1
516,31,Private Sector/Self Employed,Yes,1250000,3,1,No,No,0
517,31,Private Sector/Self Employed,Yes,1250000,5,0,No,No,1
186,28,Private Sector/Self Employed,Yes,500000,9,0,No,No,1
1409,28,Private Sector/Self Employed,Yes,1200000,3,0,No,No,1
533,29,Private Sector/Self Employed,Yes,600000,3,0,No,No,0
340,27,Private Sector/Self Employed,No,800000,7,1,No,No,0
811,26,Private Sector/Self Employed,Yes,450000,3,0,No,No,0
53,28,Government Sector,Yes,300000,2,0,No,No,0
826,28,Private Sector/Self Employed,Yes,1150000,3,0,Yes,No,0
1086,28,Government Sector,Yes,300000,3,0,No,No,0
34,28,Private Sector/Self Employed,Yes,800000,9,0,No,No,1
1840,28,Private Sector/Self Employed,Yes,900000,8,0,No,No,0
1103,34,Private Sector/Self Employed,Yes,1050000,5,1,No,No,0
505,28,Private Sector/Self Employed,Yes,800000,4,0,No,No,0
409,28,Private Sector/Self Employed,Yes,700000,5,0,No,No,0
1954,30,Private Sector/Self Employed,No,550000,6,1,No,No,0
104,28,Private Sector/Self Employed,Yes,1150000,3,0,No,No,0
1848,31,Government Sector,No,400000,7,1,No,No,0
1428,34,Private Sector/Self Employed,Yes,1300000,7,0,No,No,1
213,26,Private Sector/Self Employed,Yes,1400000,5,0,Yes,Yes,1
1823,25,Private Sector/Self Employed,Yes,1800000,6,0,Yes,No,1
1382,28,Private Sector/Self Employed,Yes,1400000,4,0,No,Yes,1
1101,34,Private Sector/Self Employed,Yes,500000,4,0,No,No,0
986,25,Private Sector/Self Employed,Yes,1400000,3,0,No,Yes,1
264,29,Private Sector/Self Employed,Yes,350000,9,1,No,No,0
463,33,Private Sector/Self Employed,Yes,750000,2,1,No,No,0
1938,34,Private Sector/Self Employed,No,1400000,4,0,No,Yes,0
1168,28,Government Sector,Yes,600000,3,0,No,No,0
544,31,Government Sector,No,400000,3,0,No,No,0
72,28,Private Sector/Self Employed,Yes,800000,6,1,Yes,No,0
845,28,Private Sector/Self Employed,Yes,750000,3,1,No,No,0
1202,31,Private Sector/Self Employed,Yes,1400000,4,0,No,Yes,1
1177,34,Private Sector/Self Employed,Yes,700000,2,1,Yes,No,0
852,27,Government Sector,Yes,500000,3,1,No,No,0
143,26,Private Sector/Self Employed,Yes,1300000,4,0,No,No,0
970,27,Private Sector/Self Employed,No,450000,7,0,No,No,0
709,33,Private Sector/Self Employed,Yes,1500000,3,0,Yes,Yes,1
1147,26,Private Sector/Self Employed,Yes,1500000,3,0,Yes,Yes,1
1279,29,Private Sector/Self Employed,Yes,1200000,5,0,Yes,No,1
147,31,Government Sector,No,400000,4,1,No,No,0
701,29,Private Sector/Self Employed,Yes,1350000,7,1,No,Yes,1
41,33,Private Sector/Self Employed,Yes,550000,5,0,No,No,0
1985,34,Private Sector/Self Employed,Yes,1000000,6,0,Yes,Yes,1
1582,31,Private Sector/Self Employed,Yes,900000,4,0,No,No,0
729,27,Private Sector/Self Employed,No,600000,3,0,No,Yes,0
1638,29,Private Sector/Self Employed,Yes,1200000,4,0,No,No,1
1480,27,Government Sector,Yes,750000,4,0,Yes,No,0
617,30,Private Sector/Self Employed,No,550000,5,0,Yes,No,1
1431,25,Private Sector/Self Employed,No,1150000,6,0,No,No,1
1315,25,Private Sector/Self Employed,No,1150000,3,0,No,No,0
855,26,Private Sector/Self Employed,Yes,500000,6,0,No,No,0
1719,25,Private Sector/Self Employed,Yes,1700000,3,0,Yes,No,1
937,28,Private Sector/Self Employed,Yes,1250000,4,0,No,No,0
284,28,Private Sector/Self Employed,Yes,750000,3,0,No,No,1
1179,27,Government Sector,Yes,500000,6,0,No,No,0
1282,31,Private Sector/Self Employed,Yes,1400000,3,0,Yes,Yes,1
1491,26,Private Sector/Self Employed,Yes,1400000,7,1,Yes,Yes,1
999,34,Private Sector/Self Employed,Yes,1300000,6,0,No,No,1
810,29,Private Sector/Self Employed,Yes,600000,4,1,No,No,0
1383,25,Private Sector/Self Employed,Yes,1400000,2,1,No,Yes,1
563,33,Private Sector/Self Employed,Yes,550000,3,1,No,No,1
974,26,Private Sector/Self Employed,Yes,1500000,4,0,Yes,Yes,1
1098,28,Private Sector/Self Employed,Yes,1150000,6,1,No,No,0
1620,27,Government Sector,Yes,850000,4,1,No,No,0
114,29,Private Sector/Self Employed,Yes,500000,5,0,No,No,0
1854,34,Government Sector,Yes,1300000,5,0,Yes,No,1
1522,31,Government Sector,No,400000,3,0,No,No,0
1952,31,Government Sector,Yes,1500000,4,0,Yes,Yes,1
1260,30,Private Sector/Self Employed,No,550000,4,0,No,No,0
1656,26,Private Sector/Self Employed,Yes,600000,3,0,No,No,0
527,28,Private Sector/Self Employed,Yes,700000,4,1,No,No,0
579,33,Government Sector,Yes,400000,3,0,No,No,0
1328,28,Private Sector/Self Employed,Yes,900000,2,0,Yes,No,0
1034,25,Private Sector/Self Employed,Yes,1400000,3,0,Yes,Yes,1
90,27,Government Sector,Yes,1050000,3,0,No,No,0
1072,31,Government Sector,Yes,400000,6,0,No,No,0
101,33,Private Sector/Self Employed,Yes,1500000,3,1,Yes,Yes,1
1188,26,Private Sector/Self Employed,Yes,500000,5,0,No,No,0
1490,25,Private Sector/Self Employed,No,1150000,5,0,No,No,0
397,25,Government Sector,Yes,750000,5,0,No,No,0
1875,26,Private Sector/Self Employed,Yes,1400000,5,0,No,Yes,1
201,31,Private Sector/Self Employed,Yes,1400000,2,0,No,Yes,1
933,28,Government Sector,Yes,600000,5,0,No,Yes,0
1150,28,Private Sector/Self Employed,Yes,600000,3,0,No,No,1
956,25,Private Sector/Self Employed,No,1700000,5,0,Yes,No,1
226,34,Government Sector,Yes,1300000,9,1,No,No,1
844,33,Government Sector,Yes,1100000,2,0,No,No,0
439,28,Private Sector/Self Employed,Yes,800000,3,0,No,No,0
475,34,Private Sector/Self Employed,Yes,1000000,4,0,No,No,1
1369,34,Private Sector/Self Employed,No,750000,4,0,Yes,No,0
1447,31,Government Sector,No,300000,3,1,No,No,0
531,28,Private Sector/Self Employed,Yes,1150000,6,1,No,No,0
923,28,Private Sector/Self Employed,Yes,1100000,4,1,Yes,No,0
1116,28,Government Sector,Yes,600000,9,0,Yes,No,1
746,27,Government Sector,Yes,500000,3,1,No,No,0
146,30,Private Sector/Self Employed,No,750000,3,1,No,No,1
50,31,Private Sector/Self Employed,Yes,1250000,3,1,No,No,0
1295,35,Government Sector,Yes,900000,7,1,Yes,No,1
1351,28,Private Sector/Self Employed,Yes,1100000,4,0,No,No,0
1320,31,Private Sector/Self Employed,Yes,1350000,3,0,Yes,Yes,1
1399,25,Private Sector/Self Employed,No,600000,3,1,No,No,0
1600,28,Government Sector,Yes,300000,7,0,No,No,1
772,35,Private Sector/Self Employed,No,950000,3,0,No,No,0
630,28,Private Sector/Self Employed,Yes,1100000,9,0,No,No,0
1093,26,Private Sector/Self Employed,Yes,1500000,5,0,Yes,Yes,1
151,29,Private Sector/Self Employed,Yes,1200000,7,0,No,No,1
595,25,Private Sector/Self Employed,No,1150000,5,1,Yes,No,0
1578,27,Government Sector,Yes,500000,6,1,No,No,0
789,28,Private Sector/Self Employed,Yes,750000,4,0,No,No,1
1097,28,Government Sector,Yes,600000,8,0,Yes,No,0
559,29,Private Sector/Self Employed,Yes,1200000,3,0,No,No,1
217,28,Private Sector/Self Employed,Yes,800000,6,0,No,No,0
251,28,Government Sector,Yes,300000,5,0,No,No,0
1346,29,Private Sector/Self Employed,Yes,1100000,4,0,No,No,0
1670,34,Private Sector/Self Employed,Yes,1050000,8,1,No,No,1
794,26,Government Sector,Yes,500000,7,1,No,No,0
148,25,Private Sector/Self Employed,Yes,1400000,4,0,No,Yes,1
249,28,Private Sector/Self Employed,Yes,1150000,5,0,No,No,0
638,26,Government Sector,Yes,1450000,3,0,Yes,Yes,1
950,28,Private Sector/Self Employed,Yes,550000,5,0,No,No,0
917,28,Government Sector,Yes,300000,6,0,No,No,0
698,33,Private Sector/Self Employed,Yes,1200000,7,0,No,No,1
1770,34,Private Sector/Self Employed,Yes,1050000,4,1,No,No,0
1652,34,Government Sector,Yes,1100000,7,1,Yes,No,1
1754,30,Private Sector/Self Employed,No,1450000,4,1,Yes,Yes,1
372,29,Private Sector/Self Employed,Yes,350000,5,1,No,No,0
604,32,Government Sector,Yes,350000,7,0,No,No,0
961,28,Government Sector,No,300000,6,1,No,No,0
1102,29,Private Sector/Self Employed,Yes,1200000,5,1,No,No,0
507,32,Government Sector,Yes,800000,2,1,No,No,0
1640,26,Private Sector/Self Employed,Yes,600000,6,0,No,No,0
511,31,Private Sector/Self Employed,Yes,1250000,3,0,No,Yes,0
1632,32,Government Sector,Yes,800000,7,0,No,No,0
1039,28,Private Sector/Self Employed,Yes,800000,3,1,No,No,0
639,31,Private Sector/Self Employed,Yes,1250000,5,1,Yes,No,0
1011,35,Private Sector/Self Employed,No,950000,9,0,No,No,1
1049,29,Private Sector/Self Employed,Yes,900000,7,0,No,No,0
506,28,Private Sector/Self Employed,Yes,600000,6,0,No,No,0
9,33,Government Sector,Yes,800000,3,0,Yes,No,0
805,29,Private Sector/Self Employed,Yes,1050000,3,1,Yes,No,0
1530,26,Private Sector/Self Employed,Yes,500000,5,0,No,No,0
515,27,Government Sector,Yes,850000,7,0,Yes,No,0
703,27,Government Sector,Yes,500000,6,0,No,No,0
925,30,Private Sector/Self Employed,No,800000,3,0,No,No,0
485,27,Private Sector/Self Employed,No,450000,4,0,No,No,0
1298,27,Government Sector,Yes,500000,2,1,No,No,1
1944,34,Private Sector/Self Employed,Yes,1500000,4,1,Yes,Yes,1
1422,28,Private Sector/Self Employed,Yes,700000,4,0,Yes,No,0
426,25,Private Sector/Self Employed,Yes,500000,5,0,No,No,0
496,26,Private Sector/Self Employed,Yes,600000,7,0,No,No,0
1014,26,Government Sector,Yes,550000,5,0,No,No,1
1982,33,Private Sector/Self Employed,Yes,1500000,4,0,Yes,Yes,1
21,29,Private Sector/Self Employed,Yes,350000,3,0,No,No,1
644,32,Government Sector,Yes,800000,4,0,No,No,0
1042,31,Private Sector/Self Employed,Yes,500000,2,0,No,No,0
1035,34,Private Sector/Self Employed,Yes,1300000,3,0,No,No,0
817,27,Government Sector,Yes,500000,4,0,No,No,1
589,26,Private Sector/Self Employed,Yes,1400000,3,0,No,Yes,1
1241,33,Government Sector,Yes,1100000,8,0,No,No,1
348,31,Private Sector/Self Employed,Yes,1400000,6,1,No,Yes,0
419,25,Private Sector/Self Employed,No,1150000,4,0,No,No,0
818,28,Private Sector/Self Employed,Yes,900000,4,0,No,No,1
1051,25,Private Sector/Self Employed,No,600000,4,0,Yes,Yes,0
912,31,Private Sector/Self Employed,Yes,1400000,6,0,Yes,Yes,1
1239,34,Private Sector/Self Employed,Yes,1500000,6,1,Yes,Yes,1
94,34,Private Sector/Self Employed,Yes,1300000,4,0,No,No,0
1521,29,Private Sector/Self Employed,Yes,1350000,5,0,No,Yes,1
525,26,Private Sector/Self Employed,Yes,500000,9,0,No,No,0
706,34,Private Sector/Self Employed,Yes,700000,4,0,No,No,0
902,34,Private Sector/Self Employed,Yes,500000,7,1,No,No,1
1649,28,Private Sector/Self Employed,Yes,1150000,4,1,No,No,0
768,34,Private Sector/Self Employed,Yes,1500000,5,0,Yes,Yes,1
93,33,Government Sector,Yes,700000,7,0,Yes,No,1
1912,34,Private Sector/Self Employed,Yes,500000,4,0,No,No,0
59,33,Private Sector/Self Employed,Yes,1400000,9,0,Yes,Yes,1
484,33,Government Sector,Yes,800000,6,0,No,No,1
43,28,Private Sector/Self Employed,Yes,1200000,4,0,Yes,No,1
437,27,Private Sector/Self Employed,No,800000,7,0,No,No,0
1601,28,Private Sector/Self Employed,Yes,1250000,4,1,No,No,0
236,26,Private Sector/Self Employed,Yes,1500000,5,0,Yes,Yes,1
1213,25,Government Sector,Yes,750000,2,0,No,Yes,1
1423,33,Private Sector/Self Employed,Yes,550000,8,0,No,No,0
1625,28,Government Sector,Yes,300000,3,1,No,No,1
757,27,Government Sector,Yes,500000,6,1,No,No,0
1526,30,Private Sector/Self Employed,No,550000,5,1,No,No,1
1206,29,Private Sector/Self Employed,Yes,1200000,3,0,No,No,1
1226,34,Private Sector/Self Employed,Yes,1500000,5,0,Yes,Yes,1
849,34,Government Sector,Yes,1300000,4,0,No,No,0
562,33,Government Sector,Yes,1000000,4,0,No,Yes,0
78,31,Government Sector,Yes,1300000,3,0,No,Yes,1
1088,28,Private Sector/Self Employed,Yes,1250000,9,1,No,No,0
1411,29,Private Sector/Self Employed,Yes,1200000,3,1,No,No,1
1811,29,Private Sector/Self Employed,Yes,1100000,8,0,No,No,0
1164,31,Private Sector/Self Employed,Yes,1400000,6,0,No,Yes,1
1185,33,Government Sector,Yes,400000,4,0,No,No,0
361,29,Private Sector/Self Employed,Yes,1350000,4,0,No,Yes,1
1156,28,Private Sector/Self Employed,Yes,1300000,6,0,No,No,1
1170,34,Government Sector,Yes,1300000,5,0,No,No,0
1633,25,Private Sector/Self Employed,No,1150000,3,0,Yes,No,0
1313,29,Private Sector/Self Employed,Yes,900000,7,0,No,No,0
129,29,Private Sector/Self Employed,Yes,1050000,6,0,No,No,0
1981,27,Government Sector,Yes,850000,3,0,No,No,1
823,28,Private Sector/Self Employed,Yes,1200000,4,0,No,No,0
1099,35,Private Sector/Self Employed,No,800000,6,0,No,No,1
488,28,Government Sector,Yes,300000,3,0,No,No,0
1942,28,Private Sector/Self Employed,Yes,900000,5,0,No,No,0
629,25,Private Sector/Self Employed,No,600000,4,0,Yes,No,0
1958,31,Government Sector,Yes,1300000,3,1,No,No,0
621,28,Private Sector/Self Employed,Yes,650000,4,0,No,No,0
1484,28,Private Sector/Self Employed,Yes,800000,4,1,No,No,0
103,26,Private Sector/Self Employed,Yes,1400000,5,0,No,Yes,1
7,31,Private Sector/Self Employed,Yes,1350000,3,0,Yes,Yes,1
441,34,Private Sector/Self Employed,Yes,850000,5,0,No,No,1
459,34,Private Sector/Self Employed,Yes,1500000,5,0,Yes,Yes,1
270,34,Government Sector,Yes,1300000,6,0,No,Yes,1
1508,25,Private Sector/Self Employed,No,1700000,5,0,Yes,Yes,1
1321,31,Government Sector,No,300000,7,0,No,No,0
558,34,Private Sector/Self Employed,Yes,850000,3,1,No,No,0
1312,34,Private Sector/Self Employed,Yes,1300000,5,0,No,No,0
405,32,Government Sector,Yes,850000,6,0,No,No,0
1581,33,Private Sector/Self Employed,Yes,550000,6,0,No,No,1
13,31,Government Sector,Yes,1500000,6,0,Yes,Yes,1
1644,28,Private Sector/Self Employed,Yes,1100000,7,0,No,No,1
1234,34,Government Sector,Yes,1300000,4,0,No,No,0
55,26,Private Sector/Self Employed,Yes,750000,5,0,No,No,0
1831,31,Government Sector,No,350000,4,1,No,No,0
1651,34,Private Sector/Self Employed,Yes,1500000,3,0,Yes,Yes,1
759,34,Private Sector/Self Employed,Yes,700000,7,1,No,No,1
1046,33,Government Sector,Yes,400000,5,1,No,No,0
1575,30,Private Sector/Self Employed,No,550000,3,0,No,No,0
1796,28,Private Sector/Self Employed,Yes,1200000,3,0,No,No,0
494,34,Government Sector,Yes,1300000,5,1,No,Yes,0
747,34,Private Sector/Self Employed,Yes,1300000,6,0,No,No,1
1470,33,Government Sector,Yes,1100000,4,0,No,No,0
1794,28,Private Sector/Self Employed,Yes,1450000,5,0,Yes,Yes,1
450,31,Private Sector/Self Employed,Yes,1250000,6,0,No,Yes,0
317,32,Government Sector,Yes,800000,6,0,No,No,1
1204,28,Private Sector/Self Employed,Yes,800000,3,1,No,No,1
299,27,Private Sector/Self Employed,No,450000,3,0,No,No,0
218,26,Private Sector/Self Employed,Yes,1500000,7,0,Yes,Yes,0
503,31,Government Sector,Yes,1300000,5,0,No,No,0
162,34,Private Sector/Self Employed,Yes,500000,7,0,No,No,1
1232,31,Government Sector,No,350000,4,1,No,No,0
1268,33,Government Sector,Yes,1000000,5,0,No,Yes,1
421,28,Government Sector,Yes,300000,4,0,No,No,0
1433,31,Private Sector/Self Employed,Yes,1400000,4,0,No,Yes,1
1455,33,Government Sector,Yes,1100000,4,0,No,No,1
790,32,Government Sector,Yes,900000,4,1,No,No,1
356,34,Private Sector/Self Employed,Yes,1000000,4,0,No,No,0
723,29,Private Sector/Self Employed,Yes,1050000,2,1,Yes,No,0
665,28,Private Sector/Self Employed,Yes,1250000,6,0,Yes,No,0
1725,28,Private Sector/Self Employed,Yes,700000,3,0,No,No,0
1488,28,Private Sector/Self Employed,Yes,700000,4,0,No,No,0
381,29,Private Sector/Self Employed,Yes,1200000,5,0,No,No,0
1272,33,Government Sector,Yes,650000,3,0,No,No,1
685,34,Private Sector/Self Employed,Yes,1500000,4,1,Yes,Yes,1
1443,29,Private Sector/Self Employed,Yes,1200000,7,1,No,No,1
813,30,Private Sector/Self Employed,No,550000,3,0,No,No,0
1240,28,Private Sector/Self Employed,Yes,700000,5,0,Yes,No,0
1329,33,Private Sector/Self Employed,Yes,1400000,4,0,No,Yes,1
1064,29,Private Sector/Self Employed,Yes,1200000,5,0,No,No,0
788,34,Private Sector/Self Employed,Yes,500000,7,0,No,No,0
968,31,Private Sector/Self Employed,Yes,1250000,5,1,No,No,0
1120,31,Government Sector,No,300000,4,0,No,No,0
275,26,Private Sector/Self Employed,Yes,1400000,4,1,No,Yes,1
1511,26,Private Sector/Self Employed,Yes,1300000,5,0,No,No,0
1460,28,Private Sector/Self Employed,Yes,550000,4,0,No,No,0
947,35,Private Sector/Self Employed,No,800000,5,0,No,No,0
1832,29,Private Sector/Self Employed,Yes,1050000,5,0,No,No,0
1263,28,Government Sector,Yes,600000,7,1,No,No,0
1139,26,Private Sector/Self Employed,Yes,500000,4,0,No,No,0
46,25,Private Sector/Self Employed,Yes,1400000,4,0,No,Yes,1
1697,29,Private Sector/Self Employed,Yes,1050000,5,0,No,No,0
474,31,Private Sector/Self Employed,Yes,1100000,3,1,Yes,No,0
1699,28,Private Sector/Self Employed,Yes,700000,3,0,No,No,1
901,33,Government Sector,Yes,700000,2,0,No,No,0
314,26,Private Sector/Self Employed,Yes,1400000,5,0,No,Yes,1
838,29,Private Sector/Self Employed,Yes,1100000,5,0,Yes,No,0
523,33,Government Sector,Yes,400000,5,1,No,No,0
715,28,Private Sector/Self Employed,Yes,1200000,5,0,No,No,0
326,28,Private Sector/Self Employed,Yes,1150000,5,0,No,No,0
344,32,Government Sector,Yes,800000,4,0,Yes,Yes,0
571,32,Government Sector,Yes,850000,5,1,No,No,0
1091,34,Private Sector/Self Employed,Yes,1500000,9,0,Yes,Yes,1
1949,34,Private Sector/Self Employed,Yes,700000,6,0,No,No,1
520,35,Government Sector,Yes,1100000,4,1,No,No,0
1386,28,Private Sector/Self Employed,Yes,500000,4,0,No,No,0
1799,26,Government Sector,Yes,1450000,3,0,Yes,Yes,1
812,33,Government Sector,Yes,1000000,4,1,No,No,0
784,31,Government Sector,Yes,1500000,5,1,Yes,Yes,1
138,28,Private Sector/Self Employed,Yes,1150000,4,0,No,No,0
572,28,Private Sector/Self Employed,No,550000,5,0,No,No,0
853,31,Government Sector,Yes,400000,6,1,No,No,0
1032,32,Government Sector,Yes,850000,3,0,No,No,1
654,32,Government Sector,Yes,1750000,6,0,No,No,0
1250,28,Private Sector/Self Employed,Yes,800000,7,0,No,No,0
1540,34,Government Sector,Yes,1100000,4,0,No,No,0
972,28,Private Sector/Self Employed,Yes,1200000,3,0,No,No,0
1481,34,Private Sector/Self Employed,Yes,500000,6,0,No,No,1
478,29,Private Sector/Self Employed,Yes,900000,4,0,No,No,0
248,34,Government Sector,Yes,1300000,6,0,No,No,1
1197,25,Private Sector/Self Employed,Yes,1700000,5,1,Yes,No,1
1271,25,Private Sector/Self Employed,Yes,500000,4,1,No,No,1
1054,31,Government Sector,Yes,400000,5,0,No,No,0
726,25,Private Sector/Self Employed,Yes,1700000,5,0,Yes,No,1
930,34,Private Sector/Self Employed,Yes,700000,7,1,No,No,1
1624,25,Private Sector/Self Employed,No,1150000,6,1,No,No,1
1343,26,Private Sector/Self Employed,Yes,1500000,5,1,Yes,Yes,1
935,27,Private Sector/Self Employed,No,1550000,7,0,Yes,No,1
1212,34,Private Sector/Self Employed,No,1300000,5,0,No,No,0
1775,33,Government Sector,Yes,1100000,8,0,No,No,1
386,28,Private Sector/Self Employed,Yes,1350000,5,0,No,Yes,1
1655,28,Government Sector,Yes,300000,7,1,No,No,0
922,29,Private Sector/Self Employed,Yes,900000,4,0,No,No,0
555,26,Private Sector/Self Employed,Yes,1750000,4,0,No,No,0
1669,26,Private Sector/Self Employed,Yes,500000,5,1,No,No,1
1777,34,Private Sector/Self Employed,Yes,700000,4,1,Yes,No,0
727,34,Government Sector,Yes,1100000,7,1,No,No,1
944,33,Government Sector,Yes,600000,3,0,No,No,0
1614,34,Government Sector,Yes,1300000,4,0,No,No,1
513,27,Government Sector,Yes,850000,5,1,No,No,0
491,28,Private Sector/Self Employed,Yes,1100000,4,1,No,No,1
661,28,Government Sector,No,300000,5,0,No,No,0
907,26,Private Sector/Self Employed,Yes,1400000,6,0,No,Yes,1
600,34,Private Sector/Self Employed,Yes,1500000,4,1,Yes,Yes,1
1278,30,Private Sector/Self Employed,No,550000,3,0,No,No,1
1867,35,Private Sector/Self Employed,No,800000,5,0,No,No,1
1349,26,Private Sector/Self Employed,Yes,1400000,3,0,No,Yes,1
1663,28,Private Sector/Self Employed,Yes,1250000,3,0,No,No,0
1849,28,Private Sector/Self Employed,Yes,1250000,7,0,No,No,0
107,34,Private Sector/Self Employed,Yes,850000,3,1,No,Yes,0
754,32,Government Sector,Yes,850000,3,0,No,No,0
894,30,Private Sector/Self Employed,No,800000,5,0,No,No,1
1977,25,Private Sector/Self Employed,No,1350000,6,0,No,Yes,1
1074,34,Private Sector/Self Employed,Yes,1500000,5,1,Yes,Yes,0
969,31,Private Sector/Self Employed,Yes,900000,3,0,No,No,0
1100,27,Private Sector/Self Employed,No,450000,3,0,No,No,1
1095,34,Government Sector,Yes,1100000,9,0,No,No,1
827,32,Government Sector,Yes,850000,7,1,No,No,1
1878,28,Private Sector/Self Employed,Yes,700000,4,0,No,No,1
641,34,Private Sector/Self Employed,Yes,700000,5,1,No,Yes,0
592,25,Private Sector/Self Employed,Yes,1700000,4,0,Yes,No,1
1171,31,Government Sector,Yes,400000,4,0,No,No,0
1935,33,Government Sector,Yes,1000000,6,0,Yes,No,0
252,29,Private Sector/Self Employed,Yes,1350000,5,1,No,Yes,1
1137,35,Private Sector/Self Employed,No,800000,5,0,No,No,0
1256,28,Private Sector/Self Employed,Yes,500000,5,1,No,No,1
1515,32,Government Sector,Yes,350000,3,1,No,No,0
1184,35,Private Sector/Self Employed,No,800000,4,0,No,No,0
1477,34,Private Sector/Self Employed,Yes,1000000,5,0,No,No,0
696,32,Government Sector,Yes,350000,2,0,No,No,0
626,28,Private Sector/Self Employed,Yes,1100000,6,0,Yes,No,0
1367,27,Government Sector,Yes,850000,5,0,No,No,1
1106,34,Private Sector/Self Employed,Yes,1300000,4,0,No,No,0
1218,28,Private Sector/Self Employed,Yes,1150000,7,0,No,No,0
1440,34,Private Sector/Self Employed,Yes,850000,5,0,No,No,0
927,33,Private Sector/Self Employed,Yes,1500000,5,1,Yes,Yes,1
607,28,Private Sector/Self Employed,Yes,550000,8,1,No,No,0
1391,31,Private Sector/Self Employed,Yes,1400000,4,1,No,Yes,0
261,28,Private Sector/Self Employed,Yes,1100000,4,1,No,No,1
736,30,Private Sector/Self Employed,No,650000,7,0,No,No,0
1690,35,Private Sector/Self Employed,No,800000,6,1,No,Yes,1
577,27,Government Sector,Yes,500000,3,0,No,No,1
1467,32,Government Sector,Yes,850000,5,1,Yes,No,0
1492,27,Private Sector/Self Employed,No,1000000,6,0,No,No,0
514,28,Private Sector/Self Employed,Yes,500000,4,0,No,No,1
1189,34,Private Sector/Self Employed,No,1300000,3,0,No,No,0
1855,27,Private Sector/Self Employed,No,1550000,4,0,Yes,No,1
1557,32,Government Sector,Yes,800000,7,0,No,No,0
499,32,Government Sector,Yes,350000,6,0,No,No,0
243,26,Private Sector/Self Employed,Yes,750000,6,0,No,No,0
908,34,Private Sector/Self Employed,Yes,1300000,3,0,No,Yes,0
121,26,Private Sector/Self Employed,Yes,1400000,6,0,No,Yes,1
590,28,Private Sector/Self Employed,Yes,500000,5,0,No,No,0
952,28,Private Sector/Self Employed,Yes,1450000,5,0,Yes,Yes,1
1109,25,Private Sector/Self Employed,Yes,1400000,4,1,Yes,Yes,1
915,28,Government Sector,Yes,600000,2,0,Yes,No,0
1462,28,Private Sector/Self Employed,Yes,500000,3,1,No,No,0
133,25,Private Sector/Self Employed,Yes,1750000,4,0,No,Yes,1
1327,28,Private Sector/Self Employed,Yes,800000,4,0,Yes,No,0
1976,32,Government Sector,Yes,900000,6,0,No,No,0
1478,28,Government Sector,Yes,1100000,4,1,No,No,0
1416,26,Private Sector/Self Employed,Yes,600000,6,1,No,No,0
1216,27,Private Sector/Self Employed,No,800000,6,0,No,No,1
272,28,Private Sector/Self Employed,Yes,700000,3,1,No,No,0
1914,30,Private Sector/Self Employed,No,550000,6,0,No,No,0
1927,34,Private Sector/Self Employed,Yes,1000000,4,0,No,No,1
1776,29,Private Sector/Self Employed,Yes,1200000,4,0,No,No,0
1801,29,Private Sector/Self Employed,Yes,1200000,4,0,No,No,0
271,35,Government Sector,Yes,900000,3,1,No,No,0
1747,33,Private Sector/Self Employed,Yes,1500000,5,0,Yes,Yes,1
707,28,Private Sector/Self Employed,Yes,550000,4,1,No,No,0
1107,26,Private Sector/Self Employed,Yes,1400000,5,0,No,Yes,1
215,33,Government Sector,Yes,1100000,5,0,No,No,0
1962,25,Private Sector/Self Employed,No,1150000,7,0,No,No,0
1971,31,Private Sector/Self Employed,Yes,950000,5,0,No,No,0
1403,28,Private Sector/Self Employed,Yes,750000,2,0,No,No,1
124,32,Government Sector,Yes,350000,4,1,No,No,0
1124,29,Private Sector/Self Employed,Yes,1100000,5,0,Yes,No,0
79,31,Government Sector,No,400000,5,1,No,No,0
1043,30,Private Sector/Self Employed,No,500000,8,0,No,No,0
681,28,Private Sector/Self Employed,Yes,1200000,4,0,No,No,0
280,32,Government Sector,Yes,800000,6,0,Yes,No,0
318,34,Government Sector,Yes,1100000,3,0,No,No,1
1310,28,Private Sector/Self Employed,Yes,1150000,6,0,No,No,1
111,28,Private Sector/Self Employed,Yes,800000,5,0,No,No,0
897,31,Government Sector,Yes,1300000,5,1,No,No,0
1258,34,Government Sector,Yes,1300000,7,1,No,No,1
1225,31,Government Sector,No,350000,3,1,No,No,0
256,34,Government Sector,Yes,1300000,7,1,No,Yes,1
207,31,Government Sector,No,350000,3,0,No,No,0
1648,28,Private Sector/Self Employed,Yes,1100000,5,0,No,No,0
997,28,Private Sector/Self Employed,Yes,700000,4,1,No,No,0
606,28,Private Sector/Self Employed,Yes,800000,3,0,No,No,0
173,26,Private Sector/Self Employed,Yes,450000,5,1,No,No,1
1291,34,Private Sector/Self Employed,Yes,1500000,5,1,Yes,Yes,1
1613,28,Private Sector/Self Employed,Yes,550000,4,0,Yes,No,0
971,34,Private Sector/Self Employed,Yes,1050000,6,0,No,Yes,1
864,26,Private Sector/Self Employed,Yes,600000,6,0,Yes,No,0
1247,26,Private Sector/Self Employed,Yes,500000,7,0,No,No,0
1316,31,Private Sector/Self Employed,Yes,1400000,3,0,No,Yes,1
1885,35,Government Sector,Yes,1100000,3,0,No,No,0
1012,29,Private Sector/Self Employed,Yes,1200000,5,0,No,No,0
802,30,Private Sector/Self Employed,No,550000,5,1,No,No,1
1925,33,Government Sector,Yes,400000,5,0,No,No,0
1911,27,Private Sector/Self Employed,No,1550000,6,1,Yes,No,1
667,26,Private Sector/Self Employed,Yes,1300000,4,1,No,Yes,0
1207,26,Private Sector/Self Employed,Yes,450000,6,0,No,No,0
291,34,Private Sector/Self Employed,Yes,1300000,3,0,Yes,No,0
608,28,Private Sector/Self Employed,Yes,800000,4,1,Yes,No,1
3,28,Private Sector/Self Employed,Yes,700000,3,1,No,No,0
1536,26,Private Sector/Self Employed,Yes,600000,7,1,No,No,0
1037,29,Private Sector/Self Employed,Yes,900000,7,0,No,No,1
1148,28,Private Sector/Self Employed,Yes,700000,5,0,Yes,No,0
522,35,Private Sector/Self Employed,No,800000,6,1,No,No,1
624,34,Private Sector/Self Employed,Yes,1000000,9,0,No,No,0
1314,31,Private Sector/Self Employed,Yes,1400000,6,0,No,Yes,1
1847,28,Government Sector,Yes,1200000,3,0,No,No,1
874,28,Private Sector/Self Employed,Yes,550000,4,0,No,No,0
633,28,Private Sector/Self Employed,Yes,700000,7,1,No,No,0
1711,28,Private Sector/Self Employed,Yes,1100000,4,0,No,No,0
720,27,Government Sector,Yes,850000,2,0,No,Yes,0
1483,28,Government Sector,Yes,300000,3,1,No,No,0
1920,32,Government Sector,Yes,800000,5,0,No,No,0
1876,34,Private Sector/Self Employed,Yes,1500000,4,1,Yes,Yes,1
1323,34,Private Sector/Self Employed,Yes,1750000,5,0,No,No,0
556,33,Private Sector/Self Employed,Yes,550000,4,1,No,No,0
620,29,Private Sector/Self Employed,Yes,1050000,4,0,Yes,No,0
542,27,Private Sector/Self Employed,No,600000,4,0,Yes,No,0
1277,34,Private Sector/Self Employed,Yes,1500000,2,0,Yes,Yes,1
396,33,Government Sector,Yes,650000,6,1,No,No,1
892,29,Private Sector/Self Employed,Yes,1050000,4,0,No,No,0
1075,32,Government Sector,Yes,650000,5,0,Yes,No,0
877,26,Private Sector/Self Employed,Yes,1400000,3,0,No,Yes,1
1654,25,Private Sector/Self Employed,Yes,1400000,5,1,Yes,Yes,1
391,28,Government Sector,Yes,1200000,5,0,No,No,1
123,27,Government Sector,Yes,850000,3,0,No,No,0
1374,28,Government Sector,Yes,300000,6,1,No,No,0
458,26,Private Sector/Self Employed,Yes,750000,3,1,No,No,0
659,34,Private Sector/Self Employed,Yes,500000,3,0,No,No,0
422,34,Private Sector/Self Employed,Yes,1500000,7,1,Yes,Yes,1
274,32,Government Sector,Yes,850000,7,0,No,No,1
166,28,Private Sector/Self Employed,Yes,800000,7,0,No,No,0
1045,28,Private Sector/Self Employed,Yes,1100000,4,1,No,No,0
1738,29,Private Sector/Self Employed,Yes,1200000,8,0,Yes,No,0
504,29,Private Sector/Self Employed,Yes,500000,4,0,No,No,0
1283,28,Private Sector/Self Employed,Yes,900000,2,0,Yes,No,0
2,34,Private Sector/Self Employed,Yes,500000,4,1,No,No,1
120,28,Private Sector/Self Employed,Yes,800000,3,1,No,No,0
312,32,Government Sector,Yes,850000,7,0,No,No,0
509,28,Private Sector/Self Employed,Yes,1450000,6,0,Yes,Yes,1
1975,26,Private Sector/Self Employed,Yes,1400000,9,0,No,Yes,1
733,27,Government Sector,Yes,900000,4,0,Yes,No,0
413,25,Private Sector/Self Employed,Yes,1700000,5,0,Yes,No,1
1289,28,Private Sector/Self Employed,Yes,800000,2,0,No,No,0
1231,34,Private Sector/Self Employed,Yes,1500000,4,1,Yes,Yes,1
1358,26,Private Sector/Self Employed,Yes,1500000,4,0,Yes,Yes,1
1704,26,Private Sector/Self Employed,Yes,1400000,3,1,No,Yes,0
1149,25,Private Sector/Self Employed,Yes,1400000,5,0,Yes,Yes,1
382,31,Private Sector/Self Employed,Yes,1400000,6,0,No,Yes,1
846,28,Private Sector/Self Employed,Yes,700000,4,0,No,No,0
500,26,Private Sector/Self Employed,Yes,1500000,4,0,Yes,Yes,1
1461,31,Government Sector,No,400000,8,0,No,No,0
1714,27,Government Sector,Yes,500000,2,0,No,No,0
49,31,Private Sector/Self Employed,Yes,1350000,3,0,No,Yes,1
796,28,Government Sector,Yes,300000,7,0,No,No,0
1539,33,Private Sector/Self Employed,Yes,550000,7,1,Yes,No,1
1603,28,Government Sector,Yes,600000,6,0,No,No,0
1882,31,Private Sector/Self Employed,Yes,1350000,9,1,No,Yes,1
861,30,Private Sector/Self Employed,No,1450000,3,1,Yes,Yes,1
1375,28,Private Sector/Self Employed,Yes,1450000,5,0,Yes,Yes,1
1869,31,Government Sector,Yes,1500000,2,0,Yes,Yes,1
1201,28,Private Sector/Self Employed,Yes,650000,5,0,Yes,No,0
91,28,Government Sector,Yes,300000,4,1,No,No,0
225,31,Private Sector/Self Employed,Yes,1250000,2,0,No,No,0
1821,25,Private Sector/Self Employed,No,1350000,5,1,No,Yes,1
1114,33,Government Sector,Yes,1000000,3,0,No,Yes,0
1112,35,Private Sector/Self Employed,No,800000,4,0,No,No,0
800,31,Government Sector,Yes,1200000,6,0,No,No,0
257,33,Private Sector/Self Employed,Yes,550000,5,0,No,No,1
497,28,Private Sector/Self Employed,Yes,1200000,5,0,Yes,No,1
839,26,Private Sector/Self Employed,Yes,1250000,4,0,No,No,1
1353,33,Private Sector/Self Employed,Yes,1200000,2,0,No,No,0
355,28,Private Sector/Self Employed,Yes,1400000,3,0,No,Yes,1
369,32,Government Sector,Yes,800000,7,1,No,No,0
346,25,Private Sector/Self Employed,Yes,1800000,7,1,Yes,No,1
1936,33,Private Sector/Self Employed,Yes,1500000,7,0,Yes,Yes,1
634,34,Private Sector/Self Employed,No,1300000,4,0,No,No,0
493,29,Private Sector/Self Employed,Yes,1050000,7,0,No,No,0
265,27,Government Sector,Yes,850000,6,0,Yes,No,0
924,31,Government Sector,Yes,400000,6,0,No,No,0
1943,29,Private Sector/Self Employed,Yes,1050000,2,0,No,No,0
1972,28,Private Sector/Self Employed,Yes,800000,5,1,No,No,0
1405,28,Government Sector,Yes,600000,8,0,No,No,0
1901,28,Government Sector,Yes,600000,4,1,No,No,0
153,25,Private Sector/Self Employed,No,600000,5,0,Yes,No,0
825,29,Private Sector/Self Employed,Yes,900000,7,0,No,No,1
1251,28,Private Sector/Self Employed,Yes,500000,5,1,No,No,1
1629,34,Private Sector/Self Employed,Yes,1000000,5,0,Yes,No,0
694,34,Government Sector,Yes,1100000,6,1,No,No,1
10,31,Government Sector,Yes,400000,9,1,No,No,0
1005,27,Private Sector/Self Employed,No,350000,4,0,No,No,0
1574,28,Private Sector/Self Employed,No,550000,7,0,No,No,0
737,28,Private Sector/Self Employed,Yes,700000,4,1,No,No,1
1887,31,Private Sector/Self Employed,Yes,900000,5,0,No,No,0
1689,27,Government Sector,Yes,500000,5,0,No,No,0
831,27,Government Sector,Yes,1050000,6,1,No,No,0
1568,29,Private Sector/Self Employed,Yes,1200000,5,0,No,Yes,0
695,28,Private Sector/Self Employed,Yes,1150000,7,0,No,No,0
1392,27,Government Sector,Yes,1050000,2,0,No,No,1
1715,28,Private Sector/Self Employed,Yes,800000,6,1,No,No,0
763,28,Government Sector,Yes,600000,4,1,No,No,0
1001,26,Private Sector/Self Employed,Yes,1250000,5,0,No,No,1
680,29,Private Sector/Self Employed,Yes,1100000,4,1,No,Yes,1
697,25,Private Sector/Self Employed,Yes,1400000,3,1,No,Yes,1
408,31,Government Sector,No,350000,2,0,No,No,0
1497,33,Government Sector,Yes,400000,6,0,No,No,1
1922,34,Private Sector/Self Employed,Yes,500000,4,0,No,No,0
1741,28,Private Sector/Self Employed,Yes,800000,3,0,No,No,0
1068,27,Government Sector,Yes,500000,4,1,No,No,1
1192,33,Government Sector,Yes,1100000,3,0,No,No,1
1384,34,Private Sector/Self Employed,Yes,1000000,4,0,Yes,No,0
1606,33,Government Sector,Yes,700000,2,0,No,No,0
1940,25,Private Sector/Self Employed,Yes,1400000,5,0,Yes,Yes,0
399,35,Private Sector/Self Employed,No,800000,5,0,No,No,0
1181,28,Private Sector/Self Employed,Yes,600000,3,0,No,No,0
761,26,Private Sector/Self Employed,Yes,1500000,3,0,Yes,Yes,1
741,34,Private Sector/Self Employed,Yes,1300000,6,0,No,No,1
1672,28,Private Sector/Self Employed,Yes,1350000,5,0,No,Yes,1
1839,32,Government Sector,Yes,350000,3,0,No,Yes,0
618,31,Private Sector/Self Employed,Yes,1650000,2,0,Yes,No,1
1262,27,Government Sector,Yes,500000,4,0,No,No,1
674,27,Government Sector,Yes,850000,2,0,No,No,0
1671,29,Private Sector/Self Employed,Yes,1350000,8,0,No,Yes,1
1438,32,Government Sector,Yes,850000,3,0,Yes,No,0
1487,32,Government Sector,Yes,350000,3,0,No,No,0
582,29,Private Sector/Self Employed,Yes,1100000,3,0,No,No,0
92,28,Private Sector/Self Employed,Yes,1150000,5,0,No,No,0
1360,34,Private Sector/Self Employed,Yes,1300000,2,0,No,No,0
1968,28,Government Sector,Yes,300000,5,1,No,No,0
469,25,Private Sector/Self Employed,No,1700000,5,0,Yes,No,1
233,31,Government Sector,Yes,1200000,6,1,No,No,0
329,28,Private Sector/Self Employed,Yes,1100000,8,0,No,No,0
682,26,Private Sector/Self Employed,Yes,1500000,5,1,Yes,Yes,1
1015,26,Private Sector/Self Employed,Yes,1400000,4,1,No,Yes,1
1910,28,Private Sector/Self Employed,Yes,1150000,7,0,No,No,0
1939,27,Private Sector/Self Employed,No,450000,8,0,No,No,0
1548,27,Private Sector/Self Employed,No,450000,3,0,No,No,0
260,26,Private Sector/Self Employed,Yes,1400000,3,1,No,Yes,1
869,33,Private Sector/Self Employed,Yes,1400000,3,0,No,Yes,1
1631,33,Government Sector,Yes,1000000,3,0,No,No,0
596,31,Private Sector/Self Employed,Yes,1350000,5,0,No,Yes,1
414,33,Private Sector/Self Employed,Yes,1400000,4,0,No,Yes,1
691,31,Private Sector/Self Employed,Yes,950000,3,0,Yes,No,0
728,28,Private Sector/Self Employed,Yes,1250000,6,0,No,Yes,0
1356,30,Private Sector/Self Employed,No,550000,3,0,Yes,Yes,0
1870,25,Private Sector/Self Employed,Yes,1700000,3,0,Yes,No,1
160,31,Government Sector,Yes,1200000,5,1,No,No,1
1302,28,Private Sector/Self Employed,No,550000,3,0,No,No,1
1688,31,Private Sector/Self Employed,Yes,1250000,8,0,No,No,0
185,28,Government Sector,Yes,300000,4,0,No,No,1
432,34,Private Sector/Self Employed,Yes,500000,5,0,No,No,0
159,27,Government Sector,Yes,900000,7,1,No,No,0
1856,26,Private Sector/Self Employed,Yes,600000,3,0,Yes,No,0
755,29,Private Sector/Self Employed,Yes,1200000,4,0,No,No,0
368,35,Private Sector/Self Employed,No,800000,3,0,No,No,1
332,31,Private Sector/Self Employed,Yes,1650000,7,1,Yes,No,1
690,33,Private Sector/Self Employed,Yes,1400000,8,0,No,Yes,0
1769,29,Private Sector/Self Employed,Yes,1050000,5,0,No,No,0
199,30,Private Sector/Self Employed,No,1450000,5,0,Yes,Yes,1
11,26,Private Sector/Self Employed,Yes,1400000,5,0,Yes,Yes,1
